,ItemCode,Item
AMULETS,AMUL01,Necklace_of_Missiles
AMULETS,AMUL02,Necklace
AMULETS,AMUL04,Studded_Necklace_with_Zios_Gems
AMULETS,AMUL05,Bluestone_Necklace
AMULETS,AMUL06,Agni_Mani_Necklace
AMULETS,AMUL07,Rainbow_Obsidian_Necklace
AMULETS,AMUL08,Tiger_Cowrie_Shell_Necklace
AMULETS,AMUL09,Silver_Necklace
AMULETS,AMUL10,Gold_Necklace
AMULETS,AMUL11,Pearl_Necklace
AMULETS,AMUL12,Laerals_Tear_Necklace
AMULETS,AMUL13,Bloodstone_Amulet
AMULETS,AMUL14,Amulet_of_Protection_PLUS1
AMULETS,AMUL15,Shield_Amulet
AMULETS,AMUL16,Amulet_of_Metaspell_Influence
AMULETS,AMUL17,Greenstone_Amulet
AMULETS,AMUL18,Wolfsbane_Charm_PLUS2_vs_Lycanthropes
AMULETS,AMUL19,Amulet_of_5
AMULETS,AMUL20,Kaliguns_Amulet_of_Magic_Resistance
AMULETS,AMUL21,Amulet_of_Power
AMULETS,AMUL22,Periapt_of_Proof_Against_Poison
AMULETS,AMUL23,Periapt_of_Life_Protection
AMULETS,AMUL24,Necklace_of_Form_Stability
AMULETS,AMUL25,Amulet_of_Spell_Warding
AMULETS,AMUL26,Amulet_of_Cheetah_Speed
AMULETS,AMUL27,Amulet_of_Seldarine
AMULETS,AMUL28,Amulet_of_the_Master_Harper
AMULETS,OHNAMUL1,Talisman_of_the_Hearthfire
AMULETS,OHNAMUL2,Wooden_Horse_Necklace
AMULETS,OHRAMUL1,Brooch_of_the_Vagrant_Blades
AMULETS,BDAMUL02,Archer_Eyes
RINGS,BELT12,Holy_Symbol_of_Lathander
RINGS,BELT13,Holy_Symbol_of_Helm
RINGS,BELT14,Holy_Symbol_of_Talos
RINGS,FREERING,Edventars_Gift_1
RINGS,JWSUPER,Edventars_Gift_2
RINGS,OHBREW01,Faulty_Ring_of_Protection_from_Evil
RINGS,OHRINGWI,Reaching_Ring
RINGS,RINGPICO,Ring_of_Earth_Control_1
RINGS,ROSSLAND,Sandthiefs_Ring_6
RINGS,ROSSRING,Edventars_Gift_5
RINGS,ALDETH,Edventars_Gift
RINGS,MAGE05,Edventars_Gift_3
RINGS,FAMMY,Sandthiefs_Ring
RINGS,FIRERING,Sandthiefs_Ring_1
RINGS,IMPINVIS,Sandthiefs_Ring_2
RINGS,MAGE01,Sandthiefs_Ring_3
RINGS,NOCIRC,Sandthiefs_Ring_4
RINGS,RABRING,Rabbit_Ring
RINGS,MISC88,Rabbits_Foot
RINGS,RING02,Ring_of_Fire_Resistance
RINGS,RING03,Ring_of_Animal_Friendship
RINGS,RING04,Ring_of_Clumsiness
RINGS,RING05,Ring_of_Invisibility_1
RINGS,RING06,Ring_of_Protection_PLUS1
RINGS,RING07,Ring_of_Protection_PLUS2
RINGS,RING08,Ring_of_Wizardry
RINGS,RING09,Ring_of_Free_Action
RINGS,RING20,Ring_of_Energy
RINGS,RING21,Ring_of_Infravision
RINGS,RING22,Ring_of_Holiness
RINGS,RING23,Ring_of_Folly
RINGS,RING25,Koveras_Ring_of_Protection
RINGS,RING26,Ring_of_Djinni_Summoning
RINGS,RING27,Ring_of_Fire_Control
RINGS,RING28,Ring_of_Air_Control
RINGS,RING29,Ring_of_Earth_Control
RINGS,RING30,Ring_of_Human_Influence
RINGS,RING31,Ring_of_Regeneration
RINGS,RING33,Ring_of_the_Ram
RINGS,RING34,Ring_of_Spell_Turning
RINGS,RING35,Ring_of_Lock_Picks
RINGS,RING36,Ring_of_Danger_Sense
RINGS,RING37,Storm_Ring
RINGS,RING38,Dawn_Ring
RINGS,RING39,Ring_of_Gaxx
RINGS,RING40,Ring_of_Acuity
RINGS,RING41,Ring_of_Protection_PLUS3
RINGS,RING42,Ring_of_Improved_Invisibility
RINGS,RING46,Ring_of_AntiVenom
RINGS,WA2RING,Mercykiller_Ring
RINGS,MISC72,The_Claw_of_Kazgaroth
RINGS,RING44,Heartwood_Ring
RINGS,OHRRING1,Ring_of_Duplication
BRACERS,BRAC01,Bracers_of_Defense_AC_8
BRACERS,BRAC02,Bracers_of_Defense_AC_7
BRACERS,BRAC03,Bracers_of_Defense_AC_6
BRACERS,BRAC04,Bracers_of_Archery
BRACERS,BRAC05,Bracers
BRACERS,BRAC06,Gauntlets_of_Ogre_Power
BRACERS,BRAC07,Gauntlets_of_Dexterity
BRACERS,BRAC08,Gauntlets_of_Fumbling
BRACERS,BRAC09,Gauntlets_of_Weapon_Skill
BRACERS,BRAC10,Gauntlets_of_Weapon_Expertise
BRACERS,BRAC11,Bracers_of_Binding
BRACERS,BRAC12,Bracers_1
BRACERS,BRAC13,Bracers_of_Defense_AC_5
BRACERS,BRAC14,Bracers_of_Defense_AC_4
BRACERS,BRAC15,Bracers_of_Defense_AC_3
BRACERS,BRAC16,Bracers_of_Blinding_Strike
BRACERS,BRAC17,Gloves_of_Pick_Pocketing
BRACERS,BRAC18,Gloves_of_Missile_Snaring
BRACERS,BRAC19,Gauntlets_of_Crushing
BRACERS,BRAC20,Gloves_of_Healing
BRACERS,BRAC21,Gauntlets_of_Extraordinary_Specialization
BRACERS,BRAC22,Paladins_Bracers
BRACERS,BRAC23,Blessed_Bracers
BRACERS,BRAC24,Bards_Gloves
BRACERS,BRAC25,Wondrous_Gloves
BRACERS,BRAC26,TzuZans_Bracers
BRACERS,RSBRAC,Glimmering_Bands
BRACERS,MAGEBRAC,Bracers_2
BRACERS,OHBBRAC1,Enforcer_Bracers
BRACERS,OHBGLOV1,The_Wingeds_Gauntlet
BRACERS,OHRBRAC1,Gauntlets_of_Aln_Zekk
BRACERS,NPMISC2,Jansen_Techno_Gloves
BELTS,BELT01,Girdle
BELTS,BELT02,Golden_Girdle
BELTS,BELT03,Girdle_of_Bluntness
BELTS,BELT04,Girdle_of_Piercing
BELTS,BELT05,Girdle_of_MasculinityFemininity
BELTS,BELT06,Girdle_of_Hill_Giant_Strength
BELTS,BELT07,Girdle_of_Stone_Giant_Strength
BELTS,BELT08,Girdle_of_Frost_Giant_Strength
BELTS,BELT09,Girdle_of_Fortitude
BELTS,BELT10,Belt_of_Inertial_Barrier
BELTS,BELT11,Girdle_of_Fire_Giant_Strength
BELTS,BELT16,Belt_of_Antipde
BELTS,NEBELT01,Adoys_Belt
BELTS,BELT15,Big_Fisted_Belt
BELTS,OHRBELT1,Ox_Tail_Belt
BELTS,OHRBELT2,Belt_of_Minor_Invulnerability
BELTS,BDBELT02,Belt_of_Skillful_Blade
BELTS,IMOENHP1,Imoens_Belt
BELTS,MEL01,Imoens_Belt_1
BOOTS,BOOT01,Boots_of_Speed
BOOTS,BOOT02,Boots_of_Stealth
BOOTS,BOOT03,Boots_of_the_North
BOOTS,BOOT04,Boots_of_Avoidance
BOOTS,BOOT05,Boots_of_Grounding
BOOTS,BOOT06,Worn_Out_Boots
BOOTS,BOOT07,Boots_of_Elvenkind
BOOTS,BOOT08,Boots_of_Phasing
BOOTS,BOOT09,Boots
BOOTS,BOOT10,Boots_of_Lightning_Speed
BOOTS,BOOT11,Boots_of_Etherealness
BOOTS,BOOT12,Gargoyle_Boots
BOOTS,BOOTDRIZ,Drizzts_Boots_of_Speed
BOOTS,RSBOOT,Moonlight_walkers
BOOTS,CHAINS,Worn_out_Boots_1
BOOTS,DASBOOT,The_Paws_of_the_Cheetah_2
BOOTS,MOVE7,The_Paws_of_the_Cheetah_3
BOOTS,OHRBOOT1,Night_Walkers
BOOTS,SOUND2MN,Boots_1
BOOTS,TROLLBOO,The_Paws_of_the_Cheetah_4
BOOTS,PLOT01P,Old_Slippers
BOOTS,MISC8J,Boots_of_the_West
BOOTS,MISCAI,Worn_out_Boots_2
HELMS,HELM01,Helmet
HELMS,HELM02,Helm_of_Opposite_Alignment
HELMS,HELM03,Helm_of_Glory
HELMS,HELM04,Helm_of_Defense
HELMS,HELM05,Helm_of_Infravision
HELMS,HELM06,Helm_of_Charm_Protection
HELMS,HELM07,Helm_of_Balduran
HELMS,HELM08,Helmet_1
HELMS,HELM09,Helmet_4
HELMS,HELM10,Helmet_5
HELMS,HELM11,Helmet_6
HELMS,HELM12,Helmet_7
HELMS,HELM13,Helmet_8
HELMS,HELM14,Kiels_Helmet
HELMS,HELM15,Helmet_9
HELMS,HELM16,Helm_of_Brilliance
HELMS,HELM17,Skull_of_Death
HELMS,HELM18,Pearly_White_Ioun_Stone
HELMS,HELM19,Dusty_Rose_Ioun_Stone
HELMS,HELM20,Pale_Green_Ioun_Stone
HELMS,HELM21,Dragon_Helm
HELMS,HELM22,Amnish_Helmet
HELMS,HELM23,Golden_Ioun_Stone
HELMS,HELM24,Obsidian_Ioun_Stone
HELMS,HELM25,Silver_Ioun_Stone
HELMS,HELM26,Lavender_Ioun_Stone
HELMS,HELM27,Bronze_Ioun_Stone
HELMS,HELM28,Circlet_of_Netheril_1
HELMS,HELM29,Thieves_Hood
HELMS,HELM30,Thieves_Hood_1
HELMS,HELM31,Helm_of_the_Rock
HELMS,HELM32,Helm_of_the_Rock_1
HELMS,HELM33,Gold_Horned_Helm
HELMS,HELM34,Wong_Feis_Ioun_Stone
HELMS,WAFLAIL,Defender_of_Easthaven_PLUS2
HELMS,WA2HELM,Vhailors_Helm
HELMS,OHRHELM1,Headband_of_the_Devout
HELMS,BAND03,Eilistraee_Boom_PLUS1
HELMS,BAND04,Circlet_of_the_Archmage
HELMS,WINGS01,Fallen_Archer
HELMS,WINGS01B,Fallen_Archer_1
HELMS,NPMISC1,Jansen_Spectroscopes
HELMS,KEY20,Mask_of_King_Strohm_III
HELMS,OHDMASK,The_Visage
HELMS,HELMSKWA,Helmet_11
HELMS,CHALHELM,Gift_of_Peace
HELMS,DHELM01,Helmet_2
HELMS,ELFHELM,Helmet_3
HELMS,IHELM01,Helmet_12
HELMS,OHREYEB,Eyes_of_the_Beholder
HELMS,PALHELM,Helm_of_the_Noble_PLUS1_1
HELMS,MISC9P,Helmet_14
HELMS,MISCA6,Patrol_Leaders_Helmet
HELMS,OHNHELM1,Thayan_Circlet
HELMS,BDHELM09,Helmet_of_Dumathoin
HELMS,BDHELM11,Bard_Hat
AXES,AX1H01,Battle_Axe
AXES,AX1H02,Battle_Axe_PLUS1
AXES,AX1H03,Battle_Axe_of_The_Mauletar_PLUS2
AXES,AX1H04,Throwing_Axe
AXES,AX1H05,Throwing_Axe_PLUS2
AXES,AX1H06,Throwing_Axe_Rhyte_Last_Arrow_PLUS2
AXES,AX1H07,Balas_Axe
AXES,AX1H08,Hangards_Axe_PLUS2
AXES,AX1H09,Rifthome_Axe_PLUS3
AXES,AX1H10,Azuredge_Axe_PLUS3
AXES,AX1H11,Battle_Axe_PLUS2_1
AXES,AX1H12,Battle_Axe_PLUS3_Stonefire
AXES,AX1H13,Battle_Axe_PLUS3_Frostreaver
AXES,AX1H14,Axe_of_the_Unyielding_PLUS3
AXES,AX1H15,Axe_of_the_Unyielding_PLUS5
AXES,AX1H16,Klogarath_PLUS4
AXES,AX1H17,Battle_Axe_PLUS3
AXES,AX1H18,Beruel_Retort_PLUS1
AXES,AX1H19,The_Golden_Axe_PLUS1
AXES,ENSW2H,Battle_Axe_PLUS3_2
AXES,OHRAXE01,Dwarven_Pickaxe_PLUS1
AXES,BRUENAXE,Battle_Axe_PLUS3_1
AXES,DAX1H01,Battle_Axe_1
AXES,IAX1H01,Battle_Axe_2
AXES,KORAX01,Battle_Axe_PLUS1_1
AXES,OHRAX1H1,Hojars_Fame_PLUS1
AXES,WAAXE,Axe_of_Hrothgar_PLUS3
AXES,WAAXE,Hrothgars_Axe_PLUS3
AXES,GIAFIR2,Battle_Axe_of_Mauletar_PLUS2_1
THROWINGAXE,AX1H04,Throwing_Axe
THROWINGAXE,AX1H05,Throwing_Axe_PLUS2
THROWINGAXE,AX1H06,Throwing_Axe_PLUS2_1
THROWINGAXE,AX1H08,Hangards_Axe_PLUS2
THROWINGAXE,AX1H09,Rifthome_Axe_PLUS3
THROWINGAXE,AX1H10,Azuredge_PLUS3
THROWINGAXE,AX1H16,K_logarath_PLUS4
HALBERDS,HALB01,Halberd
HALBERDS,HALB02,Halberd_PLUS1
HALBERDS,HALB03,Halberd_PLUS2
HALBERDS,HALB04,Halberd_PLUS3_Dragons_Bane
HALBERDS,HALB05,Halberd_PLUS4_Dragons_Breath
HALBERDS,HALB06,Halberd_PLUS4_Blackmist
HALBERDS,HALB07,Halberd_PLUS2_1
HALBERDS,HALB08,Halberd_PLUS2_Duskblade
HALBERDS,HALB09,Wave_Halberd_PLUS4
HALBERDS,HALB09A & HALB09B,Wave_Shaft
HALBERDS,HALB10,Ravager_PLUS4
HALBERDS,HALB11,Ravager_PLUS6
HALBERDS,HALB12,Halberd_PLUS3
HALBERDS,WA2HALB,Harmonium_Halberd
HALBERDS,HALB13,The_Chesley_Crusher_PLUS2
HALBERDS,DWHALB01,Drow_Halberd_PLUS3
HALBERDS,HALBRD01,Halberd_1
HALBERDS,HALBSHA,Suryriss_Blade_PLUS2_1
HALBERDS,WA2HALB,Harmonium_Halberd_PLUS3
HALBERDS,PLYFLIND,Halberd_PLUS1_1
SPEARS,SPER01,Spear
SPEARS,SPER02,Spear_PLUS1
SPEARS,SPER03,Spear_PLUS3_Backbiter
SPEARS,SPER04,Spear_1
SPEARS,SPER05,Spear_PLUS2
SPEARS,SPER06,Spear_PLUS3
SPEARS,SPER07,Spear_of_the_Unicorn_PLUS2
SPEARS,SPER08,Spear_PLUS3_Impaler
SPEARS,SPER09,Spear_PLUS1_Halcyon
SPEARS,SPER10,Spear_of_Withering_PLUS4
SPEARS,SPER11,Ixils_Nail_PLUS4
SPEARS,SPER12,Ixils_Spike_PLUS6
SPEARS,RODSPEAR,Spear_PLUS3_1
SPEARS,DWSPER01,Drow_Lance_PLUS3
SPEARS,HGSALF,Spear_2
SPEARS,OHBREW02,Faulty_Bane_of_the_Abyss__PLUS4_Spear
SPEARS,SAHSPEAR,Spear_4
SPEARS,SALACOLD,Spear_5
SPEARS,SALASPER,Spear_6
SPEARS,SALGRFIR,Spear_7
SPEARS,SALGRICE,Spear_8
SPEARS,SPERMEL,Spear_10
SPEARS,TASLOIIL,Spear_11
SPEARS,WASPEAR,Spear_of_Kuldahar_PLUS3
STAVES,PSTAFM2,Narbucchad_Demise
STAVES,PSTAFM0E,Narbucchad_Demise_PLUS1_2
STAVES,PSTAFM0D,Narbucchad_Demise_PLUS1
STAVES,PSTAFM0C,Narbucchad_Demise_PLUS2
STAVES,PSTAFM0B,Narbucchad_Demise_PLUS3
STAVES,PSTAFM0,Narbucchad_Demise_PLUS4
STAVES,PSTAFM1,Narbucchad_Demise_PLUS5
STAVES,STAF01,Quarterstaff
STAVES,STAF02,Quarterstaff_PLUS1
STAVES,STAF03,Quarterstaff_1
STAVES,STAF04,Quarterstaff_2
STAVES,STAF05,Staff_of_Striking
STAVES,STAF06,Staff_Mace
STAVES,STAF07,Staff_Spear_PLUS2
STAVES,STAF08,Quarterstaff_PLUS3
STAVES,STAF09,Staff_of_Command
STAVES,STAF10,Staff_of_Curing
STAVES,STAF11,Staff_of_the_Magi
STAVES,STAF12,Staff_of_Power
STAVES,STAF13,Staff_of_Thunder_and_Lightning_PLUS2
STAVES,STAF14,Staff_of_the_Woodlands_PLUS4
STAVES,STAF15,Staff_of_Air_PLUS2
STAVES,STAF16,Staff_of_Earth_PLUS2
STAVES,STAF17,Staff_of_Fire_PLUS2
STAVES,STAF18,Quarter_Staff_PLUS2
STAVES,STAF19,Clerics_Staff_PLUS3
STAVES,STAF20,Staff_of_Rynn_PLUS4
STAVES,STAF21,Staff_of_the_Ram_PLUS4_1
STAVES,STAF22,Staff_of_the_Ram_PLUS6
STAVES,STAF23,Serpent_Shaft
STAVES,STAF24,Quarter_Staff_PLUS3
STAVES,STAF25,The_Ossifier
STAVES,AURSTAF,Staff_of_the_Ram_PLUS4
STAVES,NPSTAF,Staff_of_the_High_Forest
STAVES,STAFN1,Neera_Staff
STAVES,WASTAFF,Staff_of_Arundel_PLUS3
STAVES,ENSTAFF,Quarterstaff_PLUS3_2
STAVES,OHBSTAF1,Stirvs_Wrangler_PLUS2
STAVES,SAHSTAFF,Quarterstaff_3
STAVES,MISC5T,Shamans_Staff
STAVES,HGWRA01,Quarterstaff_4
STAVES,OHBDEVA1,Rod_of_Smiting
DAGGERS,DAGG01,Dagger
DAGGERS,DAGG02,Dagger_PLUS1
DAGGERS,DAGG03,Dagger_PLUS2
DAGGERS,DAGG04,Dagger_PLUS2_Longtooth
DAGGERS,DAGG05,Throwing_Dagger
DAGGERS,DAGG06,Nesters_Dagger
DAGGERS,DAGG07,Kylees_Dagger
DAGGERS,DAGG08,Hentolds_Dagger
DAGGERS,DAGG09,Werebane_PLUS1
DAGGERS,DAGG10,Soultaker_Dagger
DAGGERS,DAGG11,Boomerang_Dagger_PLUS2
DAGGERS,DAGG12,Dagger_of_Throwing_PLUS3_Firetooth
DAGGERS,DAGG13,Pixie_Prick_PLUS3
DAGGERS,DAGG14,Dagger_PLUS4_BoneBlade
DAGGERS,DAGG15,Dagger_PLUS2_1
DAGGERS,DAGG16,Poisoned_Throwing_Dagger
DAGGERS,DAGG17,Stiletto_of_Demarchess_PLUS2
DAGGERS,DAGG18,Shadow_Thief_Dagger
DAGGERS,DAGG19,Dagger_of
DAGGERS,DAGG20,Dagger_PLUS4_LifeStealer
DAGGERS,DAGG21,Dagger_of_the_Star_PLUS4
DAGGERS,DAGG22,Dagger_of_the_Star_PLUS5
DAGGERS,DAGG23,Ixils_Spike
DAGGERS,DAGG24,Dagger_PLUS3
DAGGERS,NEBDAG,Nebs_Nasty_Cutter
DAGGERS,MISC75,Dagger_of_Venom
DAGGERS,MISC4U,Embarls_Dagger
DAGGERS,CDNEBDAG,Nebs_Nasty_Cutter_PLUS2
DAGGERS,DAGGSHIT,Dagger_1
DAGGERS,NEBDAG,Nebs_Nasty_Cutter_PLUS2_1
DAGGERS,OHBDAGG1,Ornate_Dagger
DAGGERS,OHHDAG01,The_Jade_Fang
DAGGERS,RAVAG02,Boneblade_PLUS4_1
DAGGERS,SW1H57,Throwing_Dagger_1
DAGGERS,SW1H13,Moonblade_PLUS3_1
DAGGERS,FIRESEED,Fire_Seed
DAGGERS,ENEBLADE,Energy_Blade
SHORTSWORDS,CHALCY1,The_Shadows_Blade_PLUS3
SHORTSWORDS,CHALCY2,The_Shadows_Blade_PLUS3_1
SHORTSWORDS,ENSW1H02,Short_Sword_PLUS3
SHORTSWORDS,ISW1H07,Short_Sword
SHORTSWORDS,NPSW01,Sword_of_Arvoreen_PLUS2
SHORTSWORDS,NPSW05,Entropy_PLUS2
SHORTSWORDS,NPSW06,Chaos_Blade
SHORTSWORDS,OHBREW05,The_Shadows_Blade_PLUS3_2
SHORTSWORDS,SHAKTI1,Short_Sword_PLUS4
SHORTSWORDS,STDEATH,The_Shadows_Blade_PLUS3_3
SHORTSWORDS,SW1H07,Short_Sword_1
SHORTSWORDS,SW1H08,Short_Sword_PLUS1_3
SHORTSWORDS,SW1H09,Short_Sword_PLUS2
SHORTSWORDS,SW1H10,The_Shadows_Blade_PLUS3_4
SHORTSWORDS,SW1H14,Short_Sword_PLUS1_4
SHORTSWORDS,SW1H17,Perdues_Short_Sword
SHORTSWORDS,SW1H21,Short_Sword_2
SHORTSWORDS,SW1H25,Kundane_PLUS2
SHORTSWORDS,SW1H26,Ilbratha_PLUS1
SHORTSWORDS,SW1H27,Arbanes_Sword_PLUS2
SHORTSWORDS,SW1H28,Cutthroat_PLUS4
SHORTSWORDS,SW1H29,The_Whistling_Sword_PLUS2
SHORTSWORDS,SW1H58,Short_Sword_of_Mask_PLUS4
SHORTSWORDS,SW1H59,Short_Sword_of_Mask_PLUS5
SHORTSWORDS,SW1H74,Short_Sword_PLUS3_1
SHORTSWORDS,SW1H98,Short_Sword_PLUS1_5
SHORTSWORDS,XVARTIL,Short_Sword_3
SHORTSWORDS,ZOMSEA,Short_Sword_4
SHORTSWORDS,ARROPHEO,Short_Sword_PLUS1
SHORTSWORDS,BOWPHEO,Short_Sword_PLUS1_1
SHORTSWORDS,MYBOLT,Short_Sword_PLUS1_2
SHORTSWORDS,FBLADE,Flame_Blade
SHORTSWORDS,SBLADE,Sel_nes_Blade
LONGSWORDS,ENSW1H01,Long_Sword_PLUS3
LONGSWORDS,KILLSW01,Varscona_PLUS2
LONGSWORDS,MARILI,Sword_of_Flame_PLUS1
LONGSWORDS,MISCBC,Blackrazor_PLUS3
LONGSWORDS,OHDHSWD,Holy_Long_Sword_of_Tyr_PLUS3
LONGSWORDS,SW1H04,Long_Sword
LONGSWORDS,SW1H05,Long_Sword_PLUS1
LONGSWORDS,SW1H06,Varscona_PLUS2_1
LONGSWORDS,SW1H12,Hulls_Long_Sword
LONGSWORDS,SW1H24,The_Burning_Earth_PLUS1
LONGSWORDS,SW1H31,Daystar_PLUS2
LONGSWORDS,SW1H32,Peridan_PLUS2
LONGSWORDS,SW1H33,Ras_PLUS2
LONGSWORDS,SW1H33A,Ras_PLUS2_1
LONGSWORDS,SW1H33C,Ras_PLUS2_2
LONGSWORDS,SW1H35,Adjatha_the_Drinker_PLUS2
LONGSWORDS,SW1H36,Namarra_PLUS2
LONGSWORDS,SW1H40,Blade_of_Roses_PLUS3
LONGSWORDS,SW1H41,Long_Sword_PLUS2
LONGSWORDS,SW1H53,Sword_of_Flame_PLUS1_1
LONGSWORDS,SW1H54,The_Equalizer
LONGSWORDS,SW1H60,Angurvadal_PLUS4
LONGSWORDS,SW1H61,Angurvadal_PLUS5
LONGSWORDS,SW1H73,Long_Sword_PLUS3_1
LONGSWORDS,SW1H77,The_Answerer_PLUS4
LONGSWORDS,SWUDROP,Long_Sword_1
LONGSWORDS,TELSWD,Long_Sword_PLUS3_2
LONGSWORDS,TTSWORD1,Long_Sword_PLUS1_1
LONGSWORDS,WA2S1H,Sword_of_Balduran_2
LONGSWORDS,DWSW1H02,Drow_Long_Sword_PLUS3
LONGSWORDS,SW1H19,The_Vampires_Revenge_PLUS1
LONGSWORDS,SW1P01,Viper_Edge_PLUS2
LONGSWORDS,BDSW1H06,Void_Sword_PLUS3
LONGSWORDS,BLAKBLAD,Black_Blade_of_Disaster
LONGSWORDS,BONEDAG,Mordenkainens_Sword
LONGSWORDS,SW1HSEEK,Seeking_Sword
LONGSWORDS,SW1H79,Harrower_PLUS1
BASTARDSWORDS,COMPS01,Bastard_Sword
BASTARDSWORDS,COMPS02,Bastard_Sword_PLUS1
BASTARDSWORDS,COMPS03,Kondar_PLUS1
BASTARDSWORDS,COMPS18,Sword_of_Balduran
BASTARDSWORDS,COMPS34,Albruin_PLUS1_1
BASTARDSWORDS,COMPS37,Taragarth_PLUS1
BASTARDSWORDS,COMPS38,Jhor_the_Bleeder_PLUS2
BASTARDSWORDS,COMPS39,Blade_of_Searing_PLUS3
BASTARDSWORDS,COMPS42,Bastard_Sword_PLUS2
BASTARDSWORDS,COMPS62,Foebane_PLUS3
BASTARDSWORDS,COMPS63,Foebane_PLUS5
BASTARDSWORDS,COMPS64,Purifier_PLUS4
BASTARDSWORDS,COMPS65,Purifier_PLUS5
BASTARDSWORDS,COMPS72,Bastard_Sword_PLUS3
BASTARDSWORDS,FLIND1,Bastard_Sword_1
BASTARDSWORDS,OHDSW03,The_Brass_Blade_PLUS5
BASTARDSWORDS,SHARSWD,Bastard_Sword_PLUS1_1
BASTARDSWORDS,SW1H01,Bastard_Sword_2
BASTARDSWORDS,SW1H02,Bastard_Sword_PLUS1_2
BASTARDSWORDS,SW1H03,Kondar_PLUS1_1
BASTARDSWORDS,SW1H18,Sword_of_Balduran_1
BASTARDSWORDS,SW1H34,Albruin_PLUS1
BASTARDSWORDS,SW1H37,Taragarth_PLUS1_1
BASTARDSWORDS,SW1H38,Jhor_the_Bleeder_PLUS2_1
BASTARDSWORDS,SW1H39,Blade_of_Searing_PLUS3_1
BASTARDSWORDS,SW1H42,Bastard_Sword_PLUS2_1
BASTARDSWORDS,SW1H62,Foebane_PLUS3_1
BASTARDSWORDS,SW1H63,Foebane_PLUS5_1
BASTARDSWORDS,SW1H64,Purifier_PLUS4_1
BASTARDSWORDS,SW1H65,Purifier_PLUS5_1
BASTARDSWORDS,SW1H72,Bastard_Sword_PLUS3_1
TWOHANDSWORDS,CHEVIL10,Flame_of_the_North_PLUS2
TWOHANDSWORDS,SW2H01,Two_Handed_Sword
TWOHANDSWORDS,SW2H02,Two_Handed_Sword_PLUS1
TWOHANDSWORDS,SW2H03,Two_Handed_Sword_Berserking
TWOHANDSWORDS,SW2H05,Two_Handed_Sword_1
TWOHANDSWORDS,SW2H06,Spiders_Bane
TWOHANDSWORDS,SW2H07,Two_Handed_Sword_PLUS3
TWOHANDSWORDS,SW2H07A,Two_Handed_Sword_PLUS3_1
TWOHANDSWORDS,SW2H08,Two_Handed_sword_PLUS2
TWOHANDSWORDS,SW2H09,Two_Handed_Sword_PLUS4_Warblade
TWOHANDSWORDS,SW2H10,Holy_Avenger
TWOHANDSWORDS,SW2H11,Two_Handed_Sword_PLUS2
TWOHANDSWORDS,SW2H12,Two_Handed_Sword_Flame_of_the_North_PLUS_2
TWOHANDSWORDS,SW2H13,Spiders_Bane_PLUS_2
TWOHANDSWORDS,SW2H14,Lilarcor
TWOHANDSWORDS,SW2H15,Silver_Sword
TWOHANDSWORDS,SW2H15A,Silver_Hilt
TWOHANDSWORDS,SW2H16,Sword_of_Chaos_PLUS2
TWOHANDSWORDS,SW2H17,Gram_the_Sword_of_Grief_PLUS5
TWOHANDSWORDS,SW2H18,Gram_the_Sword_of_Grief_PLUS5_1
TWOHANDSWORDS,SW2H19,Carsomyr_PLUS6
TWOHANDSWORDS,SW2H20,Two_Handed_Sword_PLUS3_2
TWOHANDSWORDS,SW2H21,Psions_Blade_PLUS5
TWOHANDSWORDS,SW2H99,Cursed_Berserking_Sword_PLUS3
TWOHANDSWORDS,SW2HDEAT,Soul_Reaver_PLUS4
TWOHANDSWORDS,SW2HD1,Rancor
TWOHANDSWORDS,CARSOMYR,Carsomyr_PLUS5
TWOHANDSWORDS,CATTAC1,Two_handed_Sword
TWOHANDSWORDS,CDSW2H07,Harbinger_PLUS3
TWOHANDSWORDS,DEMOSUM4,Two_handed_Sword_PLUS2
TWOHANDSWORDS,GIANTS01,Two_handed_Sword_1
TWOHANDSWORDS,GITH,Silver_Sword_1
TWOHANDSWORDS,GORCAMB,Two_handed_Sword_PLUS2_1
TWOHANDSWORDS,HGBER01,Two_handed_Sword_PLUS1
TWOHANDSWORDS,OHBWING,Dark_Justice_PLUS5
TWOHANDSWORDS,OHBWING2,Dark_Justice_PLUS5_1
TWOHANDSWORDS,OHDSW2HA,Abyssal_Blade
TWOHANDSWORDS,OHDSW2HB,Abyssal_Blade_1
TWOHANDSWORDS,OHDSW2HC,Abyssal_Blade_2
TWOHANDSWORDS,OHDSW2HD,Abyssal_Blade_3
TWOHANDSWORDS,OHREAVER,Ir_revrykal_PLUS5
TWOHANDSWORDS,REAVER,Unholy_Reaver
TWOHANDSWORDS,SKELWASU,Two_handed_Sword_PLUS1_1
TWOHANDSWORDS,SW2HD1,Rancor_PLUS1
TWOHANDSWORDS,SW2HDEAT,Soul_Reaver_PLUS4_1
TWOHANDSWORDS,TTSWORD2,Two_handed_Sword_5
TWOHANDSWORDS,WAS2H,Jorils_Dagger_PLUS3
TWOHANDSWORDS,BDSW2H01,Dragon_Blade_PLUS3
TWOHANDSWORDS,DEVAEVIL,Silver_Sword_2
TWOHANDSWORDS,HSWORD,Holy_Sword
TWOHANDSWORDS,SW1H99,Sword_of_Chaos
SCIMITAR,OHHSCIM,Scimitar_PLUS1
SCIMITAR,OHRSW1H1,Hawksight_PLUS2
SCIMITAR,OHSW1H55,Scimitar_PLUS2
SCIMITAR,SW1H20,Scimitar_3
SCIMITAR,SW1H22,Scimitar_PLUS1_1
SCIMITAR,SW1H23,Rashads_Talon_PLUS2
SCIMITAR,SW1H30,Belm_PLUS2
SCIMITAR,SW1H50,Shazzellim_PLUS1
SCIMITAR,SW1H56,Scimitar_4
SCIMITAR,SW1H76,Scimitar_PLUS3
SCIMITAR,SW1H15,Scimitar_PLUS3_Frostbrand
SCIMITAR,SW1H16,Scimitar_PLUS5_Defender
SCIMITAR,SW1H52,Waters_Edge_PLUS3
SCIMITAR,SW1H68,Spectral_Brand_PLUS4
SCIMITAR,SW1H68A,Spectral_Brand_PLUS4_1
SCIMITAR,SW1H68C,Spectral_Brand_PLUS4_2
SCIMITAR,SW1H69,Spectral_Brand_PLUS5
SCIMITAR,SW1H69C,Spectral_Brand_PLUS5_1
SCIMITAR,SW1HWK,Sun_Soulbeam
SCIMITAR,DWSW1H01,Drow_Scimitar_PLUS3
WAKIZASHI,OHSW1H51,Wakizashi_PLUS2
WAKIZASHI,OHSW1H52,Wakizashi_PLUS3
WAKIZASHI,SW1H46,Wakizashi
WAKIZASHI,SW1H47,Wakizashi_PLUS1
WAKIZASHI,SW1H66,Yamato_PLUS4
WAKIZASHI,WAWAK,Kachikos_Wakizashi_PLUS3
WAKIZASHI,OHSW1H53,Ninjat_PLUS2
WAKIZASHI,OHSW1H54,Ninjat_PLUS3
WAKIZASHI,SW1H48,Ninja_To
WAKIZASHI,SW1H49,Ninja_To_PLUS1
WAKIZASHI,SW1H67,Usunos_Blade_PLUS4
WAKIZASHI,WANINJA,Scarlet_Ninja_To_PLUS3
WAKIZASHI,NPSW03,Hallowed_Redeemer_PLUS2
WAKIZASHI,RODSWORD,Flaming_Long_Sword_PLUS1
WAKIZASHI,NPSW02,Yoshimos_Katana_PLUS1
WAKIZASHI,NPSW04,Corthala_Family_Blade
WAKIZASHI,SW1H43,Katana
WAKIZASHI,SW1H44,Katana_PLUS1
WAKIZASHI,SW1H45,Malakar_PLUS2
WAKIZASHI,SW1H51,Celestial_Fury_PLUS3
WAKIZASHI,SW1H55,Katana_PLUS2
WAKIZASHI,SW1H70,Hindos_Doom_PLUS3
WAKIZASHI,SW1H71,Hindos_Doom_PLUS4
WAKIZASHI,SW1H75,Katana_PLUS3
WAKIZASHI,WA2DAK,Dak_kons_Zerth_Blade_PLUS2
CLUBS,BLUN01,Club
CLUBS,BLUN10,The_Root_of_the_Problem_PLUS1
CLUBS,BLUN22,Blackblood_PLUS3
CLUBS,BLUN23,Bone_Club_PLUS2_PLUS3_vs_undead
CLUBS,BLUN24,Gnasher_PLUS2
CLUBS,BLUN26,Club_of_Detonation_PLUS3
CLUBS,BLUN27,Club_of_Detonation_PLUS5
CLUBS,BLUN31,Club_PLUS3
CLUBS,BLUN40,Chanser_Fish
CLUBS,OHBBLUN1,Marduuks_Mallet_PLUS3
CLUBS,OHBLUN50,Club_PLUS1
CLUBS,OHBLUN51,Club_PLUS2
CLUBS,SKELCLUB,Club_1
CLUBS,SHILLE,Shillelagh
FLAILS,BARLFL,Flail
FLAILS,BLUN02,Flail_1
FLAILS,BLUN03,Flail_PLUS1
FLAILS,BLUN08,Flail_2
FLAILS,BLUN13,Flail_PLUS2
FLAILS,BLUN14,Flail_of_Ages_PLUS3
FLAILS,BLUN14D,Flail_of_Ages_PLUS2
FLAILS,BLUN14E,Flail_of_Ages_PLUS2_1
FLAILS,BLUN14F,Flail_of_Ages_PLUS2_2
FLAILS,BLUN14G,Flail_of_Ages
FLAILS,BLUN14H,Flail_of_Ages_1
FLAILS,BLUN14I,Flail_of_Ages_2
FLAILS,BLUN30,Flail_of_Ages_PLUS5
FLAILS,BLUN30C,Flail_of_Ages_PLUS4
FLAILS,BLUN30D,Flail_of_Ages_PLUS4_1
FLAILS,BLUN32,Flail_PLUS3
FLAILS,WAFLAIL,Defender_of_Easthaven_PLUS3
FLAILS,DWBLUN01,Drow_Flail_PLUS3
FLAILS,FLOLTH,Drow_Flail_PLUS3_1
FLAILS,GORWOM4,Drow_Flail_PLUS3_2
FLAILS,SENDAI,Drow_Flail_PLUS3_3
FLAILS,BLUN16,The_Sleeper_PLUS2
MACES,BLUN04,Mace
MACES,BLUN05,Mace_PLUS1
MACES,BLUN09,Kiels_Morningstar
MACES,BLUN11,Krotans_Skullcrusher_PLUS2
MACES,BLUN12,Mace_of_Disruption_PLUS1
MACES,BLUN18,Skullcrusher_PLUS3
MACES,BLUN19,Maulers_Arm_PLUS2
MACES,BLUN20,Ardulias_Fall_PLUS1
MACES,BLUN21,Mace_PLUS2
MACES,BLUN25,Mace_of_Disruption_PLUS2
MACES,BLUN28,Storm_Star_PLUS3
MACES,BLUN29,Storm_Star_PLUS5
MACES,BLUN33,Mace_PLUS3
MACES,ENMACE,Mace_PLUS3_ENHANCE
MACES,HLOLTH,Handmaidens_Mace
MACES,IBLUN04,Mace_1
MACES,WAMACE,Jerrods_Mace_PLUS2
MACES,RODMACE,Mace_PLUS2_1
MACES,DEVA,Mace_of_Disruption_PLUS2_1
MACES,PLYMSTAR,Morning_Star_1
MACES,BLUN34,Morning_Star_PLUS3
MACES,BLUN35,Ice_Star_PLUS4
MACES,BLUN36,Club_PLUS1
MACES,BLUN39,The_Thresher_PLUS2
MACES,BLUN41,The_Stupefier_PLUS1
MACES,OHBDEVA,Mace_of_Disruption_PLUS2_2
MACES,VAMT01,Vampiric_Touch_1
MACES,VAMT06,Vampiric_Touch_2
MACES,VAMT08,Vampiric_Touch_3
MACES,VAMT10,Vampiric_Touch_4
MACES,VAMT12,Vampiric_Touch_5
MACES,ENMORN,Morning_Star_PLUS3_ENHANCE
HAMMERS,HAMM01,War_Hammer
HAMMERS,HAMM02,War_Hammer_PLUS1
HAMMERS,HAMM03,War_hammer_PLUS2_Ashideena
HAMMERS,HAMM04,Warhammer_PLUS1PLUS4_vs_giant_humanoids
HAMMERS,HAMM05,War_Hammer_PLUS2
HAMMERS,HAMM06,Dwarven_Thrower_PLUS3
HAMMERS,HAMM07,Dwarven_Warhammer_of_Thunderbolts_PLUS3
HAMMERS,HAMM08,War_Hammer_PLUS2_1
HAMMERS,HAMM09,Crom_Faeyr
HAMMERS,HAMM10,Runehammer_PLUS4
HAMMERS,HAMM11,Runehammer_PLUS5
HAMMERS,HAMM12,War_Hammer_PLUS3
HAMMERS,HAMM13,Hammer_of_Dawn_PLUS1
HAMMERS,AEGIS,Aegis_fang_PLUS3
HAMMERS,AEGIS2,Aegis_fang_PLUS3_1
HAMMERS,OHNHAMM1,The_Brick_PLUS2
HAMMERS,IHAMM01,War_Hammer_1
HAMMERS,BDHAMM02,Void_Hammer_PLUS3
HAMMERS,GIAFIR,Ashideena_PLUS2
HAMMERS,SHAMMR,Spiritual_Hammer
HAMMERS,SHAMMR2,Spiritual_Hammer_1
HAMMERS,SHAMMR3,Spiritual_Hammer_2
COMPOSITEBOWS,BOW01,Composite_Long_Bow
COMPOSITEBOWS,BOW02,Composite_Long_Bow_PLUS1
COMPOSITEBOWS,BOW09,Ripper_PLUS2
COMPOSITEBOWS,BOW10,Heartseeker_PLUS3
COMPOSITEBOWS,BOW11,Strong_Arm_PLUS2
COMPOSITEBOWS,BOW16,Composite_Long_Bow_PLUS2
COMPOSITEBOWS,BOW24,Composite_Long_Bow_PLUS3
COMPOSITEBOWS,BOW98,Composite_Longbow_1
LONGBOWS,BOW03,Long_Bow
LONGBOWS,BOW04,Long_Bow_PLUS1
LONGBOWS,BOW07,Long_Bow_of_Marksmanship
LONGBOWS,BOW12,Elven_Court_Bow_PLUS3
LONGBOWS,BOW13,Mana_Bow_PLUS4
LONGBOWS,BOW17,Long_Bow_PLUS2
LONGBOWS,BOW22,Taralash_PLUS4
LONGBOWS,BOW23,Taralash_PLUS5
LONGBOWS,BOW25,Long_Bow_PLUS3
LONGBOWS,GORWOM2,Elven_Court_Bow_PLUS3_1
LONGBOWS,IBOW03,Longbow_2
LONGBOWS,NPBOW,Bow_of_Arvoreen
SHORTBOWS,BOW05,Short_Bow
SHORTBOWS,BOW06,Short_Bow_PLUS1
SHORTBOWS,BOW08,Eagle_Bow
SHORTBOWS,BOW14,Tuigan_Short_Bow_PLUS1
SHORTBOWS,BOW15,Tansherons_Short_Bow_PLUS3
SHORTBOWS,BOW18,Short_Bow_PLUS2
SHORTBOWS,BOW19,Short_Bow_of_Gesen
SHORTBOWS,BOW19A,Gesen_Bow_Shaft
SHORTBOWS,BOW19B,Gesen_Bow_String
SHORTBOWS,BOW20,Darkfire_Bow_PLUS4
SHORTBOWS,BOW21,Darkfire_Bow_PLUS5
SHORTBOWS,BOW26,Short_Bow_PLUS3
SHORTBOWS,BOW99,Protector_of_the_Dryads_PLUS2_1
SHORTBOWS,COMPB05,Shortbow_1
SHORTBOWS,COMPB06,Shortbow_PLUS1_1
SHORTBOWS,COMPB08,Protector_of_the_Dryads_PLUS2_2
SHORTBOWS,COMPB14,Tuigan_Bow_PLUS1_1
SHORTBOWS,COMPB15,Tansherons_Bow_PLUS3_2
SHORTBOWS,COMPB18,Shortbow_PLUS2_1
SHORTBOWS,COMPB19,Shortbow_of_Gesen_1
SHORTBOWS,COMPB20,Darkfire_Bow_PLUS4_1
SHORTBOWS,COMPB21,Darkfire_Bow_PLUS5_1
SHORTBOWS,COMPB26,Shortbow_PLUS3_1
SHORTBOWS,GODBOW,Shortbow_2
SHORTBOWS,NPBOW,Bow_of_Arvoreen_PLUS2
SHORTBOWS,CATTIBOW,Tansherons_Bow_PLUS3_1
LIGHTCROSSBOWS,XBOW04,Light_Crossbow
LIGHTCROSSBOWS,XBOW05,Light_Crossbow_PLUS1
LIGHTCROSSBOWS,XBOW06,Light_Crossbow_of_Speed
LIGHTCROSSBOWS,XBOW09,Light_Crossbow_PLUS2
LIGHTCROSSBOWS,XBOW10,Necaradans_Crossbow_PLUS3
LIGHTCROSSBOWS,XBOW12,Flasher_Launcher
LIGHTCROSSBOWS,XBOW13,Crossbow_of_Affliction_PLUS4
LIGHTCROSSBOWS,XBOW15,Firetooth_PLUS4
LIGHTCROSSBOWS,XBOW16,Firetooth_PLUS5
LIGHTCROSSBOWS,XBOW18,Light_Crossbow_PLUS3
LIGHTCROSSBOWS,DWXBOW01,Drow_Crossbow_of_Speed
HEAVYCROSSBOWS,XBOW01,Heavy_Crossbow
HEAVYCROSSBOWS,XBOW02,Heavy_Crossbow_PLUS1
HEAVYCROSSBOWS,XBOW03,Heavy_Crossbow_of_Accuracy
HEAVYCROSSBOWS,XBOW07,Heavy_Crossbow_PLUS2
HEAVYCROSSBOWS,XBOW08,Giant_Hair_Crossbow_PLUS3
HEAVYCROSSBOWS,XBOW14,Heavy_Crossbow_of_Searing_PLUS1
HEAVYCROSSBOWS,XBOW17,Heavy_Crossbow_PLUS3
HEAVYCROSSBOWS,SECRET01,Big_Metal_Rod
HEAVYCROSSBOWS,KUOBOW,Heavy_Crossbow_1
HEAVYCROSSBOWS,MDK2GUN,Big_Gun
SLINGS,SLNG01,Sling
SLINGS,SLNG02,Sling_PLUS1
SLINGS,SLNG03,Sling_Dragonbane_PLUS3
SLINGS,SLNG04,Sling_PLUS2
SLINGS,SLNG05,Sling_PLUS3_Arlas_Dragonbane
SLINGS,SLNG06,Sling_of_Arvoreen_PLUS4
SLINGS,SLNG07,Sling_of_Seeking_PLUS2
SLINGS,SLNG08,Erinne_Sling_PLUS4
SLINGS,SLNG09,Erinne_Sling_PLUS5
SLINGS,SLNG10,Sling_PLUS3_1
SLINGS,SLNG11,Sling_of_UNERRING_ACCURACY
SLINGS,OHNSLNG1,Wild_Sling_PLUS1
SLINGS,OHRSLNG1,Lupine_Sling_PLUS2
SLINGS,WASLING,Sling_of_Everard_PLUS5
FULLPLATES,PLAT01,Plate_Mail_Armor
FULLPLATES,PLAT02,Plate_Mail_PLUS1
FULLPLATES,PLAT04,Full_Plate_Mail
FULLPLATES,PLAT05,Plate_of_the_Dark_PLUS1
FULLPLATES,PLAT06,Ankheg_Plate_Mail
FULLPLATES,PLAT07,Plate_Mail
FULLPLATES,PLAT08,Practical_Defense
FULLPLATES,PLAT09,Mithral_Field_Plate_Armor_PLUS2
FULLPLATES,PLAT10,Plate_Mail_PLUS1_1
FULLPLATES,PLAT11,Delvers_Plate_PLUS2
FULLPLATES,PLAT12,Doomplate_PLUS3
FULLPLATES,PLAT13,Gorgon_Plate_PLUS4
FULLPLATES,PLAT14,Full_Plate_Mail_PLUS1_1
FULLPLATES,PLAT15,Pride_of_the_Legion_PLUS2
FULLPLATES,PLAT16,Armor_of_the_Hart_PLUS3
FULLPLATES,PLAT17,Trahcies_Plate_PLUS5
FULLPLATES,PLAT18,Red_Dragon_Scale
FULLPLATES,PLAT19,Full_Plate_PLUS_2
FULLPLATES,PLAT20,Blue_Dragon_Plate
FULLPLATES,PLAT21,Enkidus_Full_Plate_PLUS3
FULLPLATES,PLAT22,Shuruppaks_Plate
FULLPLATES,PLAT23,Full_Plate_Mail_PLUS2
FULLPLATES,PLAT24,The_Magma_Bulwark_PLUS2
FULLPLATES,NPPLAT,Firecam_FullPlate_Armor
FULLPLATES,WA2PLAT,Plate_of_Balduran
FULLPLATES,BRUENPLA,Mithral_Field_Plate_PLUS2
FULLPLATES,CHALARM,Pride_of_the_Legion_PLUS2_2
FULLPLATES,DWPLAT01,Drow_Full_Plate_PLUS5
FULLPLATES,NPPLAT,Firecam_Full_Plate_Armor
FULLPLATES,PALPLAT,Armor_of_the_Hart_PLUS3_2
FULLPLATES,VISPLAT2,Mithral_Field_Plate_PLUS2_2
FULLPLATES,SECRET05,Big_Metal_Unit
FULLPLATES,NPARM,Jansen_AdventureWear
FULLPLATES,NPCHAN,Corthala_Family_Armor
FULLPLATES,OHDARMOR,Silver_Dragon_Scale
FULLPLATES,IPLAT01,Plate_Mail_1
FULLPLATES,MISC99,Plate_Mail_2
FULLPLATES,OHPLAT50,Plate_Mail_PLUS2
FULLPLATES,PLAT98,Plate_Mail_5
FULLPLATES,PLAT99,Plate_Mail_6
FULLPLATES,VISPLAT1,Plate_Mail_7
CHAINMAILS,CHAN01,Chainmail
CHAINMAILS,CHAN02,Chainmail_PLUS1
CHAINMAILS,CHAN03,Chainmail_PLUS2
CHAINMAILS,CHAN04,Splint_Mail
CHAINMAILS,CHAN05,Splint_Mail_PLUS1
CHAINMAILS,CHAN06,Mithril_Chain_Mail_PLUS4
CHAINMAILS,CHAN07,Chain_Mail_PLUS3
CHAINMAILS,CHAN08,Chain_Mail_PLUS2
CHAINMAILS,CHAN09,Darkmail_PLUS3
CHAINMAILS,CHAN10,Jesters_Chain_PLUS4
CHAINMAILS,CHAN11,Crimson_Chain_PLUS5
CHAINMAILS,CHAN12,Elven_Chain_Mail
CHAINMAILS,CHAN13,Elven_Chain_PLUS1
CHAINMAILS,CHAN14,Sylvan_Chain_PLUS2
CHAINMAILS,CHAN15,Melodic_Chain_PLUS3
CHAINMAILS,CHAN16,Bladesinger_Chain_PLUS4
CHAINMAILS,CHAN17,Ashen_Scales_PLUS2
CHAINMAILS,CHAN18,Armor_of_Faith_PLUS3
CHAINMAILS,CHAN19,Aslyferund_Elven_Chain_PLUS5
CHAINMAILS,CHAN20,White_Dragon_Scale
CHAINMAILS,CHAN21,Chain_Mail_PLUS3_1
CHAINMAILS,NPCHAN,Corthala_Family_Armor
CHAINMAILS,SHARARM,Darkmail_PLUS3_1
CHAINMAILS,TAMCHAIN,Darkmail_PLUS3_2
CHAINMAILS,ICHAN01,Chain_Mail_Armor_1
CHAINMAILS,VISCHAN1,Chain_Mail_Armor_2
CHAINMAILS,ICHAN04,Splint_Mail_1
CHAINMAILS,OHCHAN50,Splint_Mail_PLUS2
CHAINMAILS,VISCHAN2,Splint_Mail_2
ELVENCHAINS,CHAN12,Elven_Chain_Mail
ELVENCHAINS,CHAN13,Elven_Chain_PLUS1
ELVENCHAINS,CHAN14,Sylvan_Chain_PLUS2
ELVENCHAINS,CHAN15,Melodic_Chain_PLUS3
ELVENCHAINS,CHAN16,Bladesinger_Chain_PLUS4
ELVENCHAINS,CHAN19,Aslyferund_Elven_Chain_PLUS5
ELVENCHAINS,CLOLTH,Dark_Elven_Chain
ELVENCHAINS,DWCHAN01,Drow_Elven_Chain_PLUS3
ELVENCHAINS,DWCHAN02,Drow_Adamantine_Chain_PLUS5
ELVENCHAINS,CHAN06,Mithril_Chain_Mail_PLUS4
LEATHERS,LEAT01,Leather_Armor
LEATHERS,LEAT02,Leather_Armor_PLUS1
LEATHERS,LEAT03,Leather_Armor_PLUS2
LEATHERS,LEAT04,Studded_Leather_Armor
LEATHERS,LEAT05,Studded_Leather_Armor_PLUS1
LEATHERS,LEAT06,Studded_Leather_Armor_PLUS2_missile_attraction
LEATHERS,LEAT07,Studded_Leather_Armor_PLUS2
LEATHERS,LEAT08,Shadow_Armor
LEATHERS,LEAT09,Leather_Armor_PLUS3
LEATHERS,LEAT10,Hide_Armor
LEATHERS,LEAT11,Leather_Armor_PLUS2_1
LEATHERS,LEAT12,Leather_Armor_PLUS3_1
LEATHERS,LEAT13,Skin_of_the_Ghoul_PLUS4
LEATHERS,LEAT14,The_Nights_Gift_PLUS5
LEATHERS,LEAT15,Studded_Leather_Armor_PLUS2_1
LEATHERS,LEAT16,Orc_Leather_PLUS3
LEATHERS,LEAT17,Armor_of_Deep_Night_PLUS4
LEATHERS,LEAT18,Armor_of_the_Viper_PLUS5
LEATHERS,LEAT19,Shadow_Dragon_Scale
LEATHERS,LEAT20,Aegers_Hide_PLUS3
LEATHERS,LEAT21,Human_Flesh_PLUS5
LEATHERS,LEAT22,Human_Flesh
LEATHERS,LEAT23,Studded_Leather_of_Thorns_PLUS6
LEATHERS,LEAT24,Grandmasters_Armor_PLUS6
LEATHERS,LEAT25,Rugged_Leathers_PLUS2
LEATHERS,TTLEAT,Leather_Armor_PLUS1_1
LEATHERS,VISLEAT1,Leather_Armor_1
LEATHERS,DLEAT10,Hide_Armor_1
LEATHERS,OHLEAT50,Hide_Armor_PLUS1
LEATHERS,OHLEAT51,Hide_Armor_PLUS2
LEATHERS,OHLEAT52,Hide_Armor_PLUS3
STUDDEDLEATHERS,ILEAT04,Studded_Leather_Armor
STUDDEDLEATHERS,LEAT04,Studded_Leather_Armor_1
STUDDEDLEATHERS,LEAT05,Studded_Leather_Armor_PLUS1
STUDDEDLEATHERS,LEAT06,Armor_of_Missile_Attraction_PLUS2
STUDDEDLEATHERS,LEAT07,Studded_Leather_Armor_PLUS2
STUDDEDLEATHERS,LEAT08,Shadow_Armor
STUDDEDLEATHERS,LEAT15,Studded_Leather_Armor_PLUS2_1
STUDDEDLEATHERS,LEAT16,Orc_Leather_PLUS3
STUDDEDLEATHERS,LEAT17,Armor_of_Deep_Night_PLUS4
STUDDEDLEATHERS,LEAT18,Armor_of_the_Viper_PLUS5
STUDDEDLEATHERS,LEAT19,Shadow_Dragon_Scale
STUDDEDLEATHERS,LEAT23,Studded_Leather_of_Thorns_PLUS6
STUDDEDLEATHERS,LEAT24,Grandmasters_Armor_PLUS6
STUDDEDLEATHERS,OHLEAT53,Studded_Leather_Armor_PLUS3
STUDDEDLEATHERS,VISLEAT2,Studded_Leather_Armor_2
STUDDEDLEATHERS,OHDSCALE,Shadow_Dragon_Scale_2
CLOAKS,CLCK01,Cloak_of_Protection_PLUS1
CLOAKS,CLCK02,Cloak_of_Protection_PLUS2
CLOAKS,CLCK03,Cloak_of_Displacement
CLOAKS,CLCK04,Cloak_of_the_Wolf
CLOAKS,CLCK05,Cloak_of_Balduran
CLOAKS,CLCK06,Cloak_of_NonDetection
CLOAKS,CLCK07,Nymph_Cloak
CLOAKS,CLCK08,Algernons_Cloak
CLOAKS,CLCK20,Cloak_of_the_Shield
CLOAKS,CLCK21,Holy_cloak
CLOAKS,CLCK22,Shandalars_cloak
CLOAKS,CLCK23,Cloak_of_Elvenkind
CLOAKS,CLCK24,Cloak_of_Reflection
CLOAKS,CLCK25,Cloak_of_the_Stars
CLOAKS,CLCK26,Cloak_of_Mirroring
CLOAKS,CLCK27,Cloak_of_the_Sewers
CLOAKS,CLCK28,Shadow_Thief_Cloak
CLOAKS,CLCK30,Cloak_of_Bravery
CLOAKS,CLCK31,Improved_Cloak_of_Protection_PLUS2
CLOAKS,CLCK32,Montolios_Cloak
CLOAKS,NPCLCK,Cloak_of_the_High_Forest
CLOAKS,COMPON16,Montolios_Cloak_1
CLOAKS,OHBCLCK1,Cloak_of_the_Lich
CLOAKS,OHHCLOAK,Cloak_of_Dragomir
CLOAKS,OHHKORK,Korkorrans_Cowl
CLOAKS,OHRCLCK1,Cowl_of_the_Stars
CLOAKS,OHRCLCK2,Cloak_of_Unerring_Strikes
CLOAKS,OHRCLCK3,Cloak_of_Atonement
CLOAKS,OHRCLCK4,Cloak_of_the_Dark_Moon
CLOAKS,DWCLCK01,Drow_Piwafwi_Cloak
CLOAKS,MISC9W,Drow_Piwafwi_Cloak_1
ROBES,CLCK09,Mage_Robe_of_Cold_Resistance
ROBES,CLCK10,Mage_Robe_of_Fire_Resistance
ROBES,CLCK11,Mage_Robe_of_Electrical_Resistance
ROBES,CLCK12,Knaves_Robe
ROBES,CLCK13,Travellers_Robe
ROBES,CLCK14,Adventurers_Robe
ROBES,CLCK15,Robe_of_the_Good_Archmagi
ROBES,CLCK16,Robe_of_the_Neutral_Archmagi
ROBES,CLCK17,Robe_of_the_Evil_Archmagi
ROBES,CLCK18,Knaves_Robe_1
ROBES,CLCK19,Robe_of_the_Good_Archmagi_1
ROBES,CLCK29,Robe_of_the_Apprenti
ROBES,NPARM,Jansen_AdventureWear
ROBES,WA2ROBE,Robe_of_Vecna
ROBES,HGWRA02,Robe_of_the_Good_Archmagi_2
ROBES,OHNROBE1,Robe_of_Goodman_Hayes
ROBES,OHNROBE2,Robe_of_Invocation
ROBES,OHNROBE3,Tunic_of_Blindeye
ROBES,VISCLCK1,Mage_Robe
ROBES,VISCLCK2,Mage_Robe_1
ROBES,VISCLCK3,Mage_Robe_2
ROBES,VISCLCK4,Mage_Robe_3
ROBES,VISCLCK5,Mage_Robe_4
ROBES,XZARCLCK,Robe_of_the_Evil_Archmagi_1
ROBES,OHBNOSHU,Noser_Uniform
ROBES,BDROBE05,Robe_of_Red_Flames
BUCKLERS,OHSHLD50,Buckler_PLUS2
BUCKLERS,OHSHLD51,Buckler_PLUS3
BUCKLERS,SHLD08,Buckler
BUCKLERS,SHLD08A,Buckler_1
BUCKLERS,SHLD08P,Tarloc_Contingency_PLUS1
BUCKLERS,SHLD09,Buckler_2
BUCKLERS,SHLD09A,Buckler_3
BUCKLERS,SHLD09P,Shield_of_Devotion
BUCKLERS,SHLD10,Buckler_4
BUCKLERS,SHLD10A,Buckler_5
BUCKLERS,SHLD17,Buckler_PLUS1
BUCKLERS,SHLD17A,Buckler_PLUS1_1
BUCKLERS,SHLD20,Kiels_Buckler
BUCKLERS,SKELSHLD,Buckler_PLUS1_2
BUCKLERS,BDSHLD01,Buckler_of_Fist
SMALLSHIELDS,DSHLD01,Small_Shield
SMALLSHIELDS,ISHLD02,Small_Shield_PLUS1
SMALLSHIELDS,SHLD01,Small_Shield_1
SMALLSHIELDS,SHLD01A,Small_Shield_2
SMALLSHIELDS,SHLD02,Small_Shield_PLUS1_1
SMALLSHIELDS,SHLD02A,Small_Shield_PLUS1_2
SMALLSHIELDS,SHLD11,Small_Shield_3
SMALLSHIELDS,SHLD11A,Small_Shield_4
SMALLSHIELDS,SHLD12,Small_Shield_5
SMALLSHIELDS,SHLD12A,Small_Shield_6
SMALLSHIELDS,SHLD24,Reflection_Shield_PLUS1
SMALLSHIELDS,SHLD24A,Reflection_Shield_PLUS1_1
SMALLSHIELDS,SHLD25,Shield_of_Harmony_PLUS2
SMALLSHIELDS,SHLD28,Small_Shield_PLUS2
SMALLSHIELDS,SHLD28A,Small_Shield_PLUS2_1
SMALLSHIELDS,SHLD99,Small_Shield_7
MEDIUMSHIELDS,CHALSHLD,Sentinel_PLUS4
MEDIUMSHIELDS,ISHLD03,Medium_Shield
MEDIUMSHIELDS,NPSHLD,Delryn_Family_Shield
MEDIUMSHIELDS,OHBSHLD1,Kazrahs_Shield_PLUS4
MEDIUMSHIELDS,OHNSHLD1,Shield_of_Fyrus_Khal_PLUS2
MEDIUMSHIELDS,SHLD03,Medium_Shield_1
MEDIUMSHIELDS,SHLD03A,Medium_Shield_2
MEDIUMSHIELDS,SHLD04,Medium_Shield_PLUS1
MEDIUMSHIELDS,SHLD04A,Medium_Shield_PLUS1_1
MEDIUMSHIELDS,SHLD04P,Medium_Shield_3
MEDIUMSHIELDS,SHLD13,Medium_Shield_4
MEDIUMSHIELDS,SHLD13A,Medium_Shield_5
MEDIUMSHIELDS,SHLD14,Medium_Shield_6
MEDIUMSHIELDS,SHLD14A,Medium_Shield_7
MEDIUMSHIELDS,SHLD21,Dragon_Scale_Shield_PLUS2
MEDIUMSHIELDS,SHLD22,Sentinel_PLUS4_1
MEDIUMSHIELDS,SHLD26,Shield_of_the_Lost_PLUS2
MEDIUMSHIELDS,SHLD26A,Shield_of_the_Lost_PLUS2_1
MEDIUMSHIELDS,SHLD27,Saving_Grace_PLUS3
MEDIUMSHIELDS,SHLD27A,Saving_Grace_PLUS3_1
MEDIUMSHIELDS,SHLD29,Medium_Shield_PLUS2
MEDIUMSHIELDS,SHLD29A,Medium_Shield_PLUS2_1
MEDIUMSHIELDS,SHLD32,Shield_of_the_Order_PLUS4
MEDIUMSHIELDS,TTSHLD01,Medium_Shield_PLUS1_2
MEDIUMSHIELDS,WA2SHIEL,Shield_of_Balduran
MEDIUMSHIELDS,DWSHLD01,Drow_Shield_PLUS3
LARGESHIELDS,SHLD19,Pellans_Shield_PLUS2
LARGESHIELDS,SHLD19A,Pellans_Shield_PLUS2_1
LARGESHIELDS,SHLD05,Large_Shield
LARGESHIELDS,SHLD05A,Large_Shield_1
LARGESHIELDS,SHLD05P,Corvyr_Blessing
LARGESHIELDS,SHLD06,Large_Shield_PLUS1
LARGESHIELDS,SHLD06A,Large_Shield_PLUS1_1
LARGESHIELDS,SHLD06P,Redshield_PLUS1
LARGESHIELDS,SHLD07,Shield_of_the_Falling_Stars_PLUS1
LARGESHIELDS,SHLD07A,Shield_of_the_Falling_Stars_PLUS1_1
LARGESHIELDS,SHLD07P,Sartessa_Vengeance
LARGESHIELDS,SHLD15,Large_Shield_2
LARGESHIELDS,SHLD15A,Large_Shield_3
LARGESHIELDS,SHLD16,Large_Shield_4
LARGESHIELDS,SHLD16A,Large_Shield_5
LARGESHIELDS,SHLD18,Large_Shield_6
LARGESHIELDS,SHLD23,Fortress_Shield_PLUS3
LARGESHIELDS,SHLD23A,Fortress_Shield_PLUS3_1
LARGESHIELDS,SHLD30,Large_Shield_PLUS2
LARGESHIELDS,SHLD30A,Large_Shield_PLUS2_1
LARGESHIELDS,SHLD31,Darksteel_Shield_PLUS4
LARGESHIELDS,SHLD31A,GORM_Arm
RODS,RODS01,Rod_of_Absorption
RODS,RODS02,Rod_of_Lordly_Might
RODS,RODS02A,Rod_of_Lordly_Might_1
RODS,RODS03,Rod_of_Resurrection
RODS,RODS04,Rod_of_Smiting
RODS,RODS05,Rod_of_Terror
RODS,RODS06,Rod_of_Reversal
RODS,OHDROD,Rod_of_Shadowstep
RODS,PLOT02A,Scepter_of_Radiance
RODS,PLOT02B,Scepter_of_Radiance_1
RODS,PLOT03A,Air_Scepter
RODS,PLOT03B,Fire_Scepter
RODS,PLOT03C,Slime_Scepter
RODS,PLOT03D,Ice_Scepter
RODS,PLOT04I,Illithid_Rod_2
RODS,OHHCLAW,The_Claw_of_the_Black_Leopard
RODS,OHHROD,Iron_Rod
WANDS,WAND02,Wand_of_Fear
WANDS,WAND03,Wand_of_Magic_Missiles
WANDS,WAND04,Wand_of_Paralyzation
WANDS,WAND05,Wand_of_Fire
WANDS,WAND06,Wand_of_Frost
WANDS,WAND07,Wand_of_Lightning_1
WANDS,WAND08,Wand_of_Sleep
WANDS,WAND09,Wand_of_Polymorphing
WANDS,WAND10,Wand_of_Monster_Summoning
WANDS,WAND11,Wand_of_the_Heavens
WANDS,WAND12,Wand_of_Wonder
WANDS,WAND13,Wand_of_Cloudkill
WANDS,WAND14,Web_Sack
WANDS,WAND15,Wand_of_Apprenti
WANDS,WAND16,Potion_of_Icedust
WANDS,WAND18,Wand_of_Spell_Striking
WANDS,WAND19,Wand_of_Cursing
WANDS,MISC7N,Wand_of_Lightning
WANDS,OHBREW03,Faulty_Wand_of_Mazes
WANDS,OHDWAND1,Wand_of_Glitterdust
WANDS,OHNWAND1,Wand_of_Whips
WANDS,TTWAND,Wand_of_the_Heavens_1
ARROWS,AROW01,Arrow
ARROWS,AROW02,Arrow_PLUS1
ARROWS,AROW03,Arrow_of_Slaying
ARROWS,AROW04,Acid_Arrow
ARROWS,AROW05,Arrow_of_Biting
ARROWS,AROW06,Arrow_of_Detonation
ARROWS,AROW07,Arrow_or_Dispelling
ARROWS,AROW08,Arrow_of_Fire
ARROWS,AROW09,Arrow_of_Ice
ARROWS,AROW10,Arrow_of_Piercing
ARROWS,AROW11,Arrow_PLUS2
ARROWS,AROW12,Arrow_of_Biting_1
ARROWS,AROW1A,Arrow_PLUS2_1
ARROWS,AROW14,Poisoned_Arrow
ARROWS,AROW15,Arrow_PLUS3
ARROWS,AROW16,Arrow_of_Ice_1
ARROWS,ANGAROW,Arrow_of_Fire_2
ARROWS,AROWKC,Arrow_of_Fire_3
ARROWS,ARROPHE2,Arrow_of_Fire_4
ARROWS,IAROW01,Arrow_1
ARROWS,OHAROW50,Arrow_PLUS4
BOLTS,BOLT01,Bolt
BOLTS,BOLT02,Bolt_PLUS1
BOLTS,BOLT03,Bolt_of_Lightning
BOLTS,BOLT04,Bolt_of_Biting
BOLTS,BOLT05,Bolt_of_Polymorphing
BOLTS,BOLT06,Bolt_PLUS2
BOLTS,BOLT07,Flasher_Master_Bruiser_Mate
BOLTS,BOLT08,Blessed_Bolt
BOLTS,BOLT09,Bolt_PLUS3
BOLTS,SECRET02,Pulse_Ammunition
BOLTS,OHBOLT50,Bolt_PLUS4
BOLTS,DWBOLT01,Drow_Bolt_of_Sleep
BOLTS,DWBOLT02,Drow_Bolt_of_Stunning
BOLTS,DWBOLT03,Drow_Bolt_PLUS1
BOLTS,KUOBOLT,Kuo_toan_Bolt
BOLTS,KUOBOLT2,Kuo_toan_Bolt_1
BOLTS,KUOBOLT3,Kuo_toan_Bolt_2
BOLTS,SAHBOLT,Paralytic_Bolt
BOLTS,FRAG01,Frag_Grenade
BOLTS,FRAGSAP,Fragmentation_Skull
BOLTS,FROSTY,Dr_Freeze_Death_Ray
BOLTS,LASER,Laser
BOLTS,LIGHT,Wand_of_Magic_Missiles
BOLTS,PULS01,Wand_of_Magic_Missiles_1
BOLTS,PULS02,Wand_of_Magic_Missiles_2
BOLTS,SECRET03,Frag_Grenade_1
BOLTS,SECRET04,Scorcher_Ammunition
BOLTS,FLAM01,Flamethrower
BULLETS,BULL01,Bullet
BULLETS,BULL02,Bullet_PLUS1
BULLETS,BULL03,Bullet_PLUS2
BULLETS,BULL04,Sunstone_Bullet_PLUS1
BULLETS,BULL05,Bullet_PLUS3
BULLETS,BULL06,Bullet_PLUS4
BULLETS,MDK2BULL,Bullet_2
DARTS,DART01,Dart
DARTS,DART02,Dart_PLUS1
DARTS,DART03,Dart_of_Stunning
DARTS,DART04,Dart_of_Wounding
DARTS,DART05,Asps_Nest
DARTS,DART06,Giant_Rock
DARTS,DART08,Crimson_Dart_PLUS3
DARTS,STARDART,Darts_PLUS5
DARTS,DARTMEL,Bone_Dagger
DARTS,IDART01,Dart_1
DARTS,OHDART50,Dart_PLUS2
DARTS,OHDART51,Dart_PLUS3
DARTS,MELFMET,Melfs_Minute_Meteor
DARTS,SORB,Searing_Orb
DARTS,BDDART01,Biter_PLUS2
DARTS,MDK2MTOV,Molotov_Cocktail
BAGS,BAG01,Winter_Wolf_Pelt
BAGS,TBAG01,Winter_Wolf_Pelt_2
BAGS,TBAG01NA,Winter_Wolf_Pelt_3
BAGS,BAG02,Gem_Bag
BAGS,BAG03,Scroll_Case
BAGS,BAG04,Bag_of_Holding
BAGS,BAG05,Ammo_Belt
BAGS,BAG06,Potion_Case
BAGS,BAG19,Bag_of_Holding_1
BAGS,BAG19A,Bag_of_Holding_2
BAGS,BAG19B,Bag_of_Holding_3
BAGS,BAG19C,Bag_of_Holding_4
BAGS,BAG19D,Bag_of_Holding_5
BAGS,BAG19E,Bag_of_Holding_6
BAGS,BAG20,Bag_of_Holding_7
BAGS,BAG21,Bag_of_Holding_8
BAGS,BAG22,Bag_of_Holding_9
BAGS,BAG23,Bag_of_Holding_10
BAGS,BAG24,Bag_of_Holding_11
BAGS,BAG25,Bag_of_Holding_12
BAGS,BAG26,Bag_of_Holding_13
BAGS,BAG27,Bag_of_Holding_14
BAGS,BAG28,Bag_of_Holding_15
BAGS,BAG29,Bag_of_Holding_16
BAGS,BAG30,Bag_of_Holding_17
BAGS,BAG31,Bag_of_Holding_18
BAGS,OHHBAG,Dragomirs_Respite
BAGS,BAG02B,Gem_Bag_1
BAGS,BAG02C,Gem_Bag_2
BAGS,BAG02D,Gem_Bag_3
BAGS,BAG02E,Gem_Bag_4
BAGS,BAG02F,Gem_Bag_5
BAGS,BAG02G,Gem_Bag_6
BAGS,BAG02H,Gem_Bag_7
BAGS,BAG02I,Gem_Bag_8
BAGS,CDBAG02I,Gem_Bag_9
BAGS,CDBAG02J,Gem_Bag_10
BAGS,BAG03B,Scroll_Case_1
BAGS,BAG03C,Scroll_Case_2
BAGS,BAG03D,Scroll_Case_3
BAGS,BAG03E,Scroll_Case_4
BAGS,BAG03F,Scroll_Case_5
BAGS,BAG03G,Scroll_Case_6
BAGS,BAG03H,Scroll_Case_7
BAGS,BAG03I,Scroll_Case_8
BAGS,BAG06B,Potion_Case_1
BAGS,BAG06C,Potion_Case_2
BAGS,BAG06D,Potion_Case_3
BAGS,OHHBAG,Dragomir_Respite
QUIVERS,QUIVER01,Quiver_of_Plenty_PLUS1
QUIVERS,QUIVER02,Case_of_Plenty_PLUS1
QUIVERS,QUIVER03,Quiver_of_Plenty_PLUS2
QUIVERS,QUIVER04,Case_of_Plenty_PLUS2
QUIVERS,QUIVER05,Bag_of_Plenty_PLUS1
QUIVERS,QUIVER06,Bag_of_Plenty_PLUS2
INSTRUMENTS,BRDFLUT1,Magic_Flute
INSTRUMENTS,BRDFLUT2,Magic_Flute_1
INSTRUMENTS,BRDFLUT3,Magic_Flute_2
INSTRUMENTS,BRDFLUTE,Magic_Flute_3
INSTRUMENTS,BDBRD03,Tangled_Strings
TOMES,BOOK03,Tome_of_Bodily_Health_PLUS1_Con
TOMES,BOOK04,Tome_of_Gainful_Exercise_PLUS1_Str
TOMES,BOOK05,Tome_of_Quickness_of_Action_PLUS1_Dex
TOMES,BOOK06,Tome_of_Clear_Thought_PLUS1_Int
TOMES,BOOK07,Tome_of_Leadership_and_Influence_PLUS1_Chr
TOMES,BOOK08,Tome_of_Understanding_PLUS1_Wis
TOMES,TOME01,Golem_Manual
TOMES,TOME02,Clay_Golem_Manual
TOMES,TOME02A,Clay_Golem_Page
TOMES,TOME03,Stone_Golem_Manual
TOMES,TOME03A,Stone_Golem_Page
TOMES,TOME04,Juggernaut_Golem_Manual
TOMES,TOME04A,Juggernaut_Golem_Page
DRAGON_SCALES,SCALEB,Shadow_Dragon_Scales
DRAGON_SCALES,SCALER,Red_Dragon_Scales
DRAGON_SCALES,PLAT18,Red_Dragon_Scales_2
DRAGON_SCALES,PLAT20,Blue_Dragon_Plate
SECRET_PANTALOON_STUFF,SECRET01,Big_Metal_Rod
SECRET_PANTALOON_STUFF,SECRET02,Pulse_Ammo
SECRET_PANTALOON_STUFF,SECRET03,Frag_Grenade
SECRET_PANTALOON_STUFF,SECRET04,Scorcher_Ammo
SECRET_PANTALOON_STUFF,SECRET05,Big_Metal_Unit
ONE_HANDED_SWORDS,MISCBC,Blackrazor_Long_Sword_PLUS3
ONE_HANDED_SWORDS,SW1H01,Bastard_Sword
ONE_HANDED_SWORDS,SW1H02,Bastard_Sword_PLUS1
ONE_HANDED_SWORDS,SW1H03,Bastard_Sword_PLUS1_PLUS3_vs_Shapeshifters
ONE_HANDED_SWORDS,SW1H04,Long_Sword
ONE_HANDED_SWORDS,SW1H05,Long_Sword_PLUS1
ONE_HANDED_SWORDS,SW1H06,Long_Sword_PLUS2
ONE_HANDED_SWORDS,SW1H07,Short_Sword
ONE_HANDED_SWORDS,SW1H08,Short_Sword_PLUS1
ONE_HANDED_SWORDS,SW1H09,Short_Sword_PLUS2
ONE_HANDED_SWORDS,SW1H10,Short_Sword_of_Backstabbing
ONE_HANDED_SWORDS,SW1H11,Odd_Flame_Sword_Creature_Attack
ONE_HANDED_SWORDS,SW1H12,Hulls_Long_Sword
ONE_HANDED_SWORDS,SW1H13,Moonblade_1
ONE_HANDED_SWORDS,SW1H14,Short_Sword_PLUS1_1
ONE_HANDED_SWORDS,SW1H17,Perdues_Short_Sword
ONE_HANDED_SWORDS,SW1H18,Sword_of_Balduran
ONE_HANDED_SWORDS,SW1H19,The_Vampires_Revenge
ONE_HANDED_SWORDS,SW1H20,Scimitar_1
ONE_HANDED_SWORDS,SW1H21,Short_Sword_1
ONE_HANDED_SWORDS,SW1H22,Scimitar_PLUS1
ONE_HANDED_SWORDS,SW1H23,Scimitar_PLUS2
ONE_HANDED_SWORDS,SW1H24,Long_Sword_PLUS1_Flame_Tongue
ONE_HANDED_SWORDS,SW1H25,Kundane_PLUS2_Sword_of_Quickness
ONE_HANDED_SWORDS,SW1H26,Ilbratha_Short_Sword_PLUS_1
ONE_HANDED_SWORDS,SW1H27,Arbanes_Sword_PLUS2
ONE_HANDED_SWORDS,SW1H28,Cutthroat_PLUS4
ONE_HANDED_SWORDS,SW1H29,Short_Sword_PLUS2_1
ONE_HANDED_SWORDS,SW1H30,Scimitar_of_Speed_PLUS2_Belm
ONE_HANDED_SWORDS,SW1H31,Sunblade_Daystar
ONE_HANDED_SWORDS,SW1H32,Long_sword_PLUS2__Dragonslayer
ONE_HANDED_SWORDS,SW1H33,Long_Sword_PLUS2_Ras_The_Dancing_Blade
ONE_HANDED_SWORDS,SW1H34,Bastard_Sword_PLUS1_Albruin
ONE_HANDED_SWORDS,SW1H35,Adjatha_the_Drinker_Long_Sword_PLUS2
ONE_HANDED_SWORDS,SW1H36,Namarra_Long_Sword_PLUS2
ONE_HANDED_SWORDS,SW1H37,Taragarth_the_Bloodbrand_Bastard_Sword_PLUS1
ONE_HANDED_SWORDS,SW1H38,Jhor_the_Bleeder_Bastard_Sword_PLUS2
ONE_HANDED_SWORDS,SW1H39,Blade_of_Searing_Bastard_Sword_PLUS3
ONE_HANDED_SWORDS,SW1H40,Blade_of_Roses_Long_Sword_PLUS3
ONE_HANDED_SWORDS,SW1H41,Long_Sword_PLUS2_1
ONE_HANDED_SWORDS,SW1H42,Bastard_Sword_PLUS2
ONE_HANDED_SWORDS,SW1H43,Katana
ONE_HANDED_SWORDS,SW1H44,Katana_PLUS1
ONE_HANDED_SWORDS,SW1H45,Katana_PLUS2_Malakar
ONE_HANDED_SWORDS,SW1H46,Wakizashi
ONE_HANDED_SWORDS,SW1H47,Wakizashi_PLUS1
ONE_HANDED_SWORDS,SW1H48,NinjaTo
ONE_HANDED_SWORDS,SW1H49,NinjaTo_PLUS1
ONE_HANDED_SWORDS,SW1H50,Scimitar_PLUS1_Shazzellim
ONE_HANDED_SWORDS,SW1H51,Celestial_Fury_Katana_PLUS3
ONE_HANDED_SWORDS,SW1H52,Scimitar_PLUS3_Waters_Edge
ONE_HANDED_SWORDS,SW1H53,Sword_of_Flame_PLUS1
ONE_HANDED_SWORDS,SW1H54,Long_Sword_The_Equalizer
ONE_HANDED_SWORDS,SW1H54A,Pieces_of_the_Equalizer_1
ONE_HANDED_SWORDS,SW1H54B,Pieces_of_the_Equalizer_2
ONE_HANDED_SWORDS,SW1H54C,Pieces_of_the_Equalizer_3
ONE_HANDED_SWORDS,SW1H55,Katana_PLUS2
ONE_HANDED_SWORDS,SW1H56,Scimitar_2
ONE_HANDED_SWORDS,SW1H58,Short_Sword_of_Mask_PLUS4
ONE_HANDED_SWORDS,SW1H59,Short_Sword_of_Mask_PLUS5
ONE_HANDED_SWORDS,SW1H60,Angurvadal_PLUS4
ONE_HANDED_SWORDS,SW1H61,Angurvadal_PLUS5
ONE_HANDED_SWORDS,SW1H62,Foebane_PLUS3
ONE_HANDED_SWORDS,SW1H63,Foebane_PLUS5
ONE_HANDED_SWORDS,SW1H64,Purifier_PLUS4
ONE_HANDED_SWORDS,SW1H65,Purifier_PLUS5
ONE_HANDED_SWORDS,SW1H66,Yamato_PLUS4
ONE_HANDED_SWORDS,SW1H67,Usunos_Blade_PLUS4
ONE_HANDED_SWORDS,SW1H68,Spectral_Brand_PLUS4
ONE_HANDED_SWORDS,SW1H69,Spectral_Brand_PLUS5
ONE_HANDED_SWORDS,SW1H70,Hindos_Doom_PLUS3
ONE_HANDED_SWORDS,SW1H71,Hindos_Doom_PLUS4
ONE_HANDED_SWORDS,SW1H72,Bastard_Sword_PLUS3
ONE_HANDED_SWORDS,SW1H73,Long_Sword_PLUS3
ONE_HANDED_SWORDS,SW1H74,Short_Sword_PLUS3
ONE_HANDED_SWORDS,SW1H75,Katana_PLUS3
ONE_HANDED_SWORDS,SW1H76,Scimitar_PLUS3
ONE_HANDED_SWORDS,SW1H77,The_Answerer_PLUS4
ONE_HANDED_SWORDS,SW1H79,Harrower_PLUS1
ONE_HANDED_SWORDS,NPSW01,Sword_of_Arvoreen
ONE_HANDED_SWORDS,NPSW02,Katana_PLUS1_1
ONE_HANDED_SWORDS,NPSW03,Hallowed_Redeemer_PLUS2
ONE_HANDED_SWORDS,NPSW04,Corthala_Family_Blade_PLUS2
ONE_HANDED_SWORDS,NPSW05,Entropy
ONE_HANDED_SWORDS,NPSW06,Chaos_Blade
ONE_HANDED_SWORDS,WA2DAK,Dakkons_Zerth_Blade
ONE_HANDED_SWORDS,WA2S1H,Sword_of_Balduran_1
BLUNT_WEAPONS,BLUN01,Club
BLUNT_WEAPONS,BLUN02,Flail
BLUNT_WEAPONS,BLUN03,Flail_PLUS1
BLUNT_WEAPONS,BLUN04,Mace
BLUNT_WEAPONS,BLUN05,Mace_PLUS1
BLUNT_WEAPONS,BLUN06,Morning_Star
BLUNT_WEAPONS,BLUN07,Morning_Star_PLUS1
BLUNT_WEAPONS,BLUN08,Flail_1
BLUNT_WEAPONS,BLUN09,Kiels_Morningstar
BLUNT_WEAPONS,BLUN10,The_Root_of_the_Problem_Club_PLUS1_PLUS3_vs_unnatural_creatures
BLUNT_WEAPONS,BLUN11,Mace_1
BLUNT_WEAPONS,BLUN12,Mace_of_Disruption_PLUS1
BLUNT_WEAPONS,BLUN13,Flail_PLUS2
BLUNT_WEAPONS,BLUN14,Flail_of_Ages_PLUS3
BLUNT_WEAPONS,BLUN14A,Flail_Head
BLUNT_WEAPONS,BLUN14B,Flail_Head_1
BLUNT_WEAPONS,BLUN14C,Flail_Head_2
BLUNT_WEAPONS,BLUN14D,Flail_of_Ages
BLUNT_WEAPONS,BLUN14E,Flail_of_Ages_1
BLUNT_WEAPONS,BLUN14F,Flail_of_Ages_2
BLUNT_WEAPONS,BLUN14G,Flail_of_Ages_3
BLUNT_WEAPONS,BLUN14H,Flail_of_Ages_4
BLUNT_WEAPONS,BLUN14I,Flail_of_Ages_5
BLUNT_WEAPONS,BLUN15,Morning_Star_PLUS2
BLUNT_WEAPONS,BLUN16,Morningstar_PLUS_2_The_Sleeper
BLUNT_WEAPONS,BLUN17,Morningstar_PLUS2_Wyverns_Tail
BLUNT_WEAPONS,BLUN18,Mace_PLUS3_Skullcrusher
BLUNT_WEAPONS,BLUN19,Mace_PLUS2_Maulers_Arm
BLUNT_WEAPONS,BLUN20,Mace_PLUS1_Ardulias_Fall
BLUNT_WEAPONS,BLUN21,Mace_PLUS2
BLUNT_WEAPONS,BLUN22,Club_PLUS3_Blackblood
BLUNT_WEAPONS,BLUN23,Bone_Club_PLUS2_PLUS3_vs_Undead
BLUNT_WEAPONS,BLUN24,Club_PLUS2_Gnasher
BLUNT_WEAPONS,BLUN25,Mace_of_Disruption_PLUS2
BLUNT_WEAPONS,BLUN26,Club_of_Detonation_PLUS3
BLUNT_WEAPONS,BLUN27,Club_of_Detonation_PLUS5
BLUNT_WEAPONS,BLUN28,Storm_Star_PLUS3
BLUNT_WEAPONS,BLUN29,Storm_Star_PLUS5
BLUNT_WEAPONS,BLUN30,Flail_of_Ages_PLUS5
BLUNT_WEAPONS,BLUN30A,Flail_Head_3
BLUNT_WEAPONS,BLUN30B,Flail_Head_4
BLUNT_WEAPONS,BLUN30C,Flail_of_Ages_PLUS4
BLUNT_WEAPONS,BLUN30D,Flail_of_Ages_PLUS4_1
BLUNT_WEAPONS,BLUN31,Club_PLUS3
BLUNT_WEAPONS,BLUN32,Flail_PLUS3
BLUNT_WEAPONS,BLUN33,Mace_PLUS3
BLUNT_WEAPONS,BLUN34,Morning_Star_PLUS3
BLUNT_WEAPONS,BLUN35,Ice_Star_PLUS4
BLUNT_WEAPONS,BLUN36,Club_PLUS1
BLUNT_WEAPONS,BLUN39,The_Thresher_PLUS2
BLUNT_WEAPONS,BLUN41,The_Stupefier_PLUS1
SHIELDS,SHLD01,Small_Shield
SHIELDS,SHLD02,Small_Shield_PLUS1
SHIELDS,SHLD03,Medium_Shield
SHIELDS,SHLD04,Medium_Shield_PLUS1
SHIELDS,SHLD05,Large_Shield
SHIELDS,SHLD06,Large_Shield_PLUS1
SHIELDS,SHLD07,Large_Shield_PLUS1_PLUS4_vs_Missiles
SHIELDS,SHLD08,Buckler
SHIELDS,SHLD09,Buckler_1
SHIELDS,SHLD10,Buckler_2
SHIELDS,SHLD11,Small_Shield_1
SHIELDS,SHLD12,Small_Shield_2
SHIELDS,SHLD13,Medium_Shield_1
SHIELDS,SHLD14,Medium_Shield_2
SHIELDS,SHLD15,Large_Shield_1
SHIELDS,SHLD16,Large_Shield_2
SHIELDS,SHLD17,Buckler_PLUS1
SHIELDS,SHLD18,Large_Shield_3
SHIELDS,SHLD19,Large_Shield_PLUS2
SHIELDS,SHLD20,Kiels_Buckler
SHIELDS,SHLD21,Dragon_Scale_Shield_PLUS2
SHIELDS,SHLD22,Sentinel_PLUS4
SHIELDS,SHLD23,Fortress_Shield_PLUS3
SHIELDS,SHLD24,Reflection_Shield_PLUS1
SHIELDS,SHLD25,Shield_of_Harmony_PLUS2
SHIELDS,SHLD26,Shield_of_the_Lost_PLUS2
SHIELDS,SHLD27,Saving_Grace_PLUS3
SHIELDS,SHLD28,Small_Shield_PLUS2
SHIELDS,SHLD29,Medium_Shield_PLUS2
SHIELDS,SHLD30,Large_Shield_PLUS2_1
SHIELDS,SHLD31,Darksteel_Shield_PLUS4
SHIELDS,SHLD32,Shield_of_the_Order_PLUS4
SHIELDS,NPSHLD,Delryn_Family_Shield
SHIELDS,WA2SHIEL,Shield_of_Balduran
SHIELDS,SHLD33,Buckleys_Buckler
SCROLLS,RESTORE,Greater_Restoration
SCROLLS,SCRL02,Spell_Scroll
SCROLLS,SCRL03,Protection_from_Acid
SCROLLS,SCRL04,Protection_from_Cold
SCROLLS,SCRL05,Protection_from_Electricity
SCROLLS,SCRL06,Protection_from_Fire
SCROLLS,SCRL07,Protection_from_Magic
SCROLLS,SCRL08,Protection_from_Poison
SCROLLS,SCRL09,Protection_from_Undead
SCROLLS,SCRL10,Cursed_Scroll_of_Weakness
SCROLLS,SCRL11,Cursed_Scroll_of_Clumsiness
SCROLLS,SCRL12,Cursed_Scroll_of_Foolishness
SCROLLS,SCRL13,Cursed_Scroll_of_Ugliness
SCROLLS,SCRL14,Cursed_Scroll_of_Summon_Monster
SCROLLS,SCRL15,Protection_from_Petrification
SCROLLS,SCRL16,Cursed_Scroll_of_Petrification
SCROLLS,SCRL17,Cursed_Scroll_of_Ailment
SCROLLS,SCRL18,Cursed_Scroll_of_Stupidity
SCROLLS,SCRL1B,Agannazars_Scorcher
SCROLLS,SCRL1C,Ghoul_Touch
SCROLLS,SCRL1D,Clairvoyance
SCROLLS,SCRL1E,Dispel_Magic
SCROLLS,SCRL1F,Flame_Arrow
SCROLLS,SCRL1G,Fireball
SCROLLS,SCRL1H,Haste
SCROLLS,SCRL1I,Hold_Person
SCROLLS,SCRL1J,Invisibility_10_radius
SCROLLS,SCRL1K,Lightning_Bolt
SCROLLS,SCRL1L,Monster_Summoning_I
SCROLLS,SCRL1M,NonDetection
SCROLLS,SCRL1N,Protection_from_Normal_Missiles
SCROLLS,SCRL1O,Slow
SCROLLS,SCRL1P,Skull_Trap
SCROLLS,SCRL1Q,Vampiric_Touch
SCROLLS,SCRL1S,Dire_Charm
SCROLLS,SCRL1T,Ghost_Armor
SCROLLS,SCRL1U,Confusion
SCROLLS,SCRL1V,Stoneskin
SCROLLS,SCRL1W,Fireshield
SCROLLS,SCRL1X,Ice_Storm
SCROLLS,SCRL1Y,Improved_Invisibility
SCROLLS,SCRL1Z,Minor_Globe_of_Invulnerability
SCROLLS,SCRL2A,Monster_Summoning_II
SCROLLS,SCRL2B,Stoneskin_1
SCROLLS,SCRL2D,Animate_Dead
SCROLLS,SCRL2E,Cloudkill
SCROLLS,SCRL2F,Cone_of_Cold
SCROLLS,SCRL2G,Monster_Summoning_III
SCROLLS,SCRL2H,Shadow_Door
SCROLLS,SCRL2I-SCRL3F,Letters
SCROLLS,SCRL3G,Vocalize
SCROLLS,SCRL3H,Protection_from_Evil
SCROLLS,SCRL3I,Letter
SCROLLS,SCRL3Z,Letter_1
SCROLLS,SCRL56,Cure_Serious_Wounds
SCROLLS,SCRL58,Free_Action
SCROLLS,SCRL59,Neutralize_Poison
SCROLLS,SCRL5A,Mental_Domination
SCROLLS,SCRL5B,Defensive_Harmony
SCROLLS,SCRL5C,Protection_from_Lightning
SCROLLS,SCRL5D,Protection_from_Evil_10_radius
SCROLLS,SCRL5E,Champions_Strength
SCROLLS,SCRL5F,Chaotic_Commands
SCROLLS,SCRL5G,Remove_Curse
SCROLLS,SCRL5H,Emotion
SCROLLS,"SCRL5I, SCRL5W",Greater_Malison
SCROLLS,SCRL5J,Otilukes_Resilient_Sphere
SCROLLS,SCRL5K,Spirit_Armor
SCROLLS,SCRL5L,Polymorph_Other
SCROLLS,SCRL5M,Polymorph_Self
SCROLLS,SCRL5N,Domination
SCROLLS,SCRL5O,Hold_Monster
SCROLLS,SCRL5P,Chaos
SCROLLS,SCRL5Q,Feeblemind
SCROLLS,SCRL5T,Protection_from_Electricity_1
SCROLLS,SCRL5U,Reflected_Image
SCROLLS,SCRL5Z,Fireball_1
SCROLLS,SCRL61,Cure_Critical_Wounds
SCROLLS,SCRL62,Flame_Strike
SCROLLS,SCRL63,Raise_Dead
SCROLLS,SCRL66,Grease
SCROLLS,SCRL67,Armor
SCROLLS,SCRL68,Burning_Hands
SCROLLS,SCRL69,Charm_Person
SCROLLS,SCRL6D,Find_Familiar
SCROLLS,SCRL6E,Power_Word_Sleep
SCROLLS,SCRL6F,Ray_of_Enfeeblement
SCROLLS,SCRL6G,Minor_Spell_Deflection
SCROLLS,SCRL6H,Protection_from_Fire_1
SCROLLS,SCRL6I,Protection_from_Cold_1
SCROLLS,SCRL6J,Spell_Thrust
SCROLLS,SCRL6K,Detect_Illusion
SCROLLS,SCRL6L,Hold_Undead
SCROLLS,SCRL6M,Enchanted_Weapon
SCROLLS,SCRL6N,Fireshield_1
SCROLLS,SCRL6O,Secret_Word
SCROLLS,SCRL6P,Minor_Sequencer
SCROLLS,SCRL6Q,Teleport_Field
SCROLLS,SCRL6R,Spider_Spawn
SCROLLS,SCRL6S,Spell_Immunity
SCROLLS,SCRL6T,Protection_from_Normal_Weapons
SCROLLS,SCRL6U,Breach
SCROLLS,SCRL6V,Lower_Resistance
SCROLLS,SCRL6W,Oracle
SCROLLS,SCRL6X,Conjure_Lesser_Fire_Elemental
SCROLLS,SCRL6Y,Protection_from_Acid_1
SCROLLS,SCRL6Z,Phantom_Blade
SCROLLS,SCRL70,Color_Spray
SCROLLS,SCRL71,Blindness
SCROLLS,SCRL72,Friends
SCROLLS,SCRL73,Protection_from_Petrification_1
SCROLLS,SCRL75,Identify
SCROLLS,SCRL76,Infravision
SCROLLS,SCRL77,Magic_Missile
SCROLLS,SCRL78,Protection_from_Evil_1
SCROLLS,SCRL79,Shield
SCROLLS,SCRL7B,Conjure_Lesser_Air_Elemental
SCROLLS,SCRL7C,Conjure_Lesser_Earth_Elemental
SCROLLS,SCRL7D,Minor_Spell_Turning
SCROLLS,SCRL7E,Invisible_Stalker
SCROLLS,SCRL7F,Globe_of_Invulnerability
SCROLLS,SCRL7G,Tensers_Transformation
SCROLLS,SCRL7H,Flesh_to_Stone
SCROLLS,SCRL7I,Death_Spell
SCROLLS,SCRL7J,Protection_from_Magic_1
SCROLLS,SCRL7K,Mislead
SCROLLS,SCRL7L,Pierce_Magic
SCROLLS,SCRL7M,True_Sight
SCROLLS,SCRL7O,Protection_from_Magical_Weapons
SCROLLS,SCRL7P,Power_Word_Silence
SCROLLS,SCRL7Q,Improved_Haste
SCROLLS,SCRL7R,Death_Fog
SCROLLS,SCRL7S,Chain_Lightning
SCROLLS,SCRL7T,Disintegrate
SCROLLS,SCRL7U,Contingency
SCROLLS,SCRL7V,Spell_Deflection
SCROLLS,SCRL7W,Wyvern_Call
SCROLLS,SCRL7X,Conjure_Fire_Elemental
SCROLLS,SCRL7Y,Conjure_Air_Elemental
SCROLLS,SCRL7Z,Conjure_Earth_Elemental
SCROLLS,SCRL80,Shocking_Grasp
SCROLLS,SCRL81,Sleep
SCROLLS,SCRL82,Chill_Touch
SCROLLS,SCRL83,Chromatic_Orb
SCROLLS,SCRL84,Larlochs_Minor_Drain
SCROLLS,SCRL85,Blur
SCROLLS,SCRL86,Detect_Evil
SCROLLS,SCRL87,Detect_Invisibility
SCROLLS,SCRL89,Horror
SCROLLS,SCRL8A,Carrion_Summons
SCROLLS,SCRL8B,Summon_Nishruu
SCROLLS,SCRL8C,Stone_to_Flesh
SCROLLS,SCRL8D,Spell_Turning
SCROLLS,SCRL8E,Protection_from_the_Elements
SCROLLS,SCRL8F,Project_Image
SCROLLS,SCRL8G,Ruby_Ray_of_Reversal
SCROLLS,SCRL8H,Khelbens_Warding_Whip
SCROLLS,SCRL8I,Cacofiend
SCROLLS,SCRL8J,Mantle
SCROLLS,SCRL8L,Spell_Sequencer
SCROLLS,SCRL8M,Sphere_of_Chaos
SCROLLS,SCRL8N,Delayed_Blast_Fireball
SCROLLS,SCRL8O,Finger_of_Death
SCROLLS,SCRL8P,Prismatic_Spray
SCROLLS,SCRL8Q,Power_Word_Stun
SCROLLS,SCRL8R,Mordenkainens_Sword
SCROLLS,SCRL8S,Summon_Efreeti
SCROLLS,SCRL8T,Summon_Djinni
SCROLLS,SCRL8U,Summon_Hakeashar
SCROLLS,SCRL8V,Control_Undead
SCROLLS,SCRL8W,Mass_Invisibility
SCROLLS,SCRL8X,Spell_Shield
SCROLLS,SCRL8Y,Protection_from_Energy
SCROLLS,SCRL8Z,Simulacrum
SCROLLS,SCRL90,Invisibility
SCROLLS,SCRL91,Knock
SCROLLS,SCRL92,Know_Alignment
SCROLLS,SCRL93,Luck
SCROLLS,SCRL94,Resist_Fear
SCROLLS,SCRL95,Melfs_Acid_Arrow
SCROLLS,SCRL96,Mirror_Image
SCROLLS,SCRL97,Stinking_Cloud
SCROLLS,SCRL98,Strength
SCROLLS,SCRL99,Web
SCROLLS,SCRL9A,Pierce_Shield
SCROLLS,SCRL9B,Summon_Fiend
SCROLLS,SCRL9C,Improved_Mantle
SCROLLS,SCRL9D,Spell_Trigger
SCROLLS,SCRL9E,Incendiary_Cloud
SCROLLS,SCRL9F,Symbol_Fear
SCROLLS,SCRL9G,AbiDalzims_Horrid_Wilting
SCROLLS,SCRL9H,Maze
SCROLLS,SCRL9J,Power_Word_Blind
SCROLLS,SCRL9L,Spell_Trap
SCROLLS,SCRL9M,Spellstrike
SCROLLS,SCRL9N,Gate
SCROLLS,SCRL9P,Absolute_Immunity
SCROLLS,SCRL9Q,Chain_Contingency
SCROLLS,SCRL9R,Time_Stop
SCROLLS,SCRL9S,Imprisonment
SCROLLS,SCRL9T,Meteor_Swarm
SCROLLS,SCRL9U,Power_Word_Kill
SCROLLS,SCRL9V,Wail_of_the_Banshee
SCROLLS,SCRL9W,Energy_Drain
SCROLLS,SCRL9X,Black_Blade_of_Disaster
SCROLLS,SCRL9Y,Shapechange
SCROLLS,SCRL9Z,Freedom
SCROLLS,SCRLA1,Wizard_Eye
SCROLLS,SCRLA2,Deafness
SCROLLS,SCRLA3,Glitterdust
SCROLLS,SCRLA4,Limited_Wish
SCROLLS,SCRLA5,Melfs_Minute_Meteors
SCROLLS,SCRLA6,Spook
SCROLLS,SCRLA7,Remove_Magic
SCROLLS,SCRLA8,Contagion
SCROLLS,SCRLAG,Scroll_of_Crom_Faeyr
SCROLLS,SCRLAI,Ray_of_Enfeeblement_1
SCROLLS,SCRLAJ,Farsight
SCROLLS,SCRLAK,Remove_Curse_1
SCROLLS,SCRLAL,Sunfire
SCROLLS,"SCRLAM, SCRLAO",Symbol_Death
SCROLLS,SCRLAN,Symbol_Stun
SCROLLS,SCRLB1,Bigbys_Clenched_Fist
SCROLLS,SCRLB2,Bigbys_Crushing_Hand
SCROLLS,SCRLB4,Wish
SCROLLS,SCRLPET,Stone_to_Flesh_1
SCROLLS,SCRLSD,Greater_Restoration_1
SCROLLS,SCRLZZ,Summon_Cow
POTIONS,POTN02,Potion_of_Fire_Resistance
POTIONS,POTN03,Potion_of_Hill_Giant_Strength
POTIONS,POTN04,Potion_of_Frost_Giant_Strength
POTIONS,POTN05,Potion_of_Fire_Giant_Strength
POTIONS,POTN06,Potion_of_Cloud_Giant_Strength
POTIONS,POTN07,Potion_of_Storm_Giant_Strength
POTIONS,POTN08,Potion_of_Healing
POTIONS,POTN09,Potion_of_Heroism
POTIONS,POTN10,Potion_of_Invisibility
POTIONS,POTN11,Potion_of_Invulnerability
POTIONS,POTN12,Potion_of_Stone_Giant_Strength
POTIONS,POTN13,Oil_of_Firey_Burning
POTIONS,POTN14,Oil_of_Speed
POTIONS,POTN15,Red_Potion
POTIONS,POTN16,Violet_Potion
POTIONS,POTN17,Elixir_of_Health
POTIONS,POTN18,Potion_of_Absorption
POTIONS,POTN19,Potion_of_Agility
POTIONS,POTN20,Antidote
POTIONS,POTN21,Potion_of_Clarity
POTIONS,POTN22,Potion_of_Cold_Resistance
POTIONS,POTN23,Oil_of_Speed_1
POTIONS,POTN24,Potion_of_Defense
POTIONS,POTN25,Potion_of_Healing_1
POTIONS,POTN26,Potion_of_Explosions
POTIONS,POTN27,Potion_of_Firebreath
POTIONS,POTN28,Potion_of_Fortitude
POTIONS,POTN29,Potion_of_Genius
POTIONS,POTN30,Potion_of_Infravision
POTIONS,POTN31,Potion_of_Insulation
POTIONS,POTN32,Antidote_1
POTIONS,POTN33,Potion_of_Magic_Blocking
POTIONS,POTN34,Potion_of_Magic_Protection
POTIONS,POTN35,Potion_of_Magic_Shielding
POTIONS,POTN36,Potion_of_Master_Thievery
POTIONS,POTN37,Potion_of_Mind_Focusing
POTIONS,POTN38,Potion_of_Mirrored_Eyes
POTIONS,POTN39,Potion_of_Perception
POTIONS,POTN40,Potion_of_Invulnerability_1
POTIONS,POTN41,Potion_of_Power
POTIONS,POTN42,Potion_of_Regeneration
POTIONS,POTN43,Potion_of_Insight
POTIONS,POTN44,Potion_of_Strength
POTIONS,POTN45,Potion_of_Freedom
POTIONS,POTN46,Potion_of_Stone_Form
POTIONS,POTN47,Mareks_Antidote
POTIONS,POTN48,Vial_of_Mysterious_Liquid_used_in_Nashkel_mines_to
POTIONS,POTN52,Potion_of_Extra_Healing
POTIONS,POTN53,Festule_the_Alchemists_Potion
POTIONS,POTN54,Empty_Potion_Bottle
POTIONS,POTN55,Potion_of_Superior_Healing
POTIONS,POTN56,Rogues_Potion_of_Frost_Giant_Strength
POTIONS,OHNPOTN1,Green_Dragon_Potion
POTIONS,OHDPOTN1,Potion_of_Clarivoyance
AMULETS2,WA2AMU,Sensate_Amulet
AMULETS2,MISC5X,Harper_Pin
AMULETS2,MISC9S,Mind_Amplification_Device
AMULETS2,MISC8L,Mantle_of_Waukeen
AMULETS2,MISCAE,Sword_Medallion
AMULETS2,MAGEAMUL,Necklace_1
AMULETS2,MISC5E,Harper_Amulet
AMULETS2,SPEC01,Ring_55
AMULETS2,MISCAA,Golden_Circlet
AMULETS2,MISC7Y,Thrall_Collar
AMULETS2,CHALCY3,Greenstone_Amulet_1
AMULETS2,IPSION,Greenstone_Amulet_2
AMULETS2,OHHEXAM0,Hexxats_Amulet
AMULETS2,OHHEXAM1,Hexxats_Amulet_1
AMULETS2,OHHEXAM2,Hexxats_Amulet_2
AMULETS2,OHHEXAM3,Hexxats_Amulet_3
AMULETS2,OHHEXAM4,Hexxats_Amulet_4
AMULETS2,OHHEXAM5,Hexxats_Amulet_5
AMULETS2,OHHEXAM9,Hexxats_Amulet_6
AMULETS2,REGISAMU,Ruby_Pendant_of_Beguiling
AMULETS2,COMPON11,Montolios_Clasp
AMULETS2,MISC7R,Mithral_Medallion
AMULETS2,MISCA9,Star_Medallion
AMULETS2,OHDSIGIL,Sigil_of_Tyr
AMULETS2,MISC89,Edwins_Amulet
AMULETS2,MISC9N,Pendant
AMULETS2,MISC5W,Keepsake_Locket
AMULETS2,MISCAN,Galvenas_Medallion
AMULETS2,MISCB1,Talisman_of_Rillifane
AMULETS2,MISCAD,Sun_Medallion
AMULETS2,MISC4Y,Necklace_of_Talos
AMULETS2,POO,Wish_Plot
RING2,RING43,Oaken_Ring
RING2,RING45,Delryn_Family_Ring
RING2,NPRING01,DArnisse_Signet_Ring
RING2,FREERING,Edventars_Gift_1
RING2,JWSUPER,Edventars_Gift_2
RING2,OHBREW01,Faulty_Ring_of_Protection_from_Evil
RING2,OHBRING1,Stannel_Eibors_Ring
RING2,OHBRING2,Dal_Family_Ring
RING2,OHRINGWI,Reaching_Ring
RING2,RINGJOS,Josephs_Greenstone_Ring
RING2,RINGPICO,Ring_of_Earth_Control_1
RING2,ROSSLAND,Sandthiefs_Ring_6
RING2,ROSSRING,Edventars_Gift_5
RING2,ALDETH,Edventars_Gift
RING2,MAGE05,Edventars_Gift_3
RING2,FAMMY,Sandthiefs_Ring
RING2,FIRERING,Sandthiefs_Ring_1
RING2,IMPINVIS,Sandthiefs_Ring_2
RING2,MAGE01,Sandthiefs_Ring_3
RING2,NOCIRC,Sandthiefs_Ring_4
RING2,RABRING,Rabbit_Ring
RING2,MAGE03,Mirror_Image
RING2,MISC88,Rabbits_Foot
RING2,MISC5R,The_Lovers_Ring
RING2,MISC8O,Isaeas_Signet_Ring
RING2,RING10,Gold_Ring
RING2,RING11,Silver_Ring
RING2,RING12,Onyx_Ring
RING2,RING13,Jade_Ring
RING2,RING14,Greenstone_Ring
RING2,RING15,Bloodstone_Ring
RING2,RING16,Angel_Skin_Ring
RING2,RING17,Flamedance_Ring
RING2,RING18,Fire_Opal_Ring
RING2,RING19,Ruby_Ring
PLOT_ITEMS,BAZPLO01,Abazigals_Wardstone
PLOT_ITEMS,BAZPL002,Draconis_Head
PLOT_ITEMS,BAZPLO03,Yellow_Dragon_Eggs
PLOT_ITEMS,BAZPLO04,Breath_Potion
PLOT_ITEMS,BAZPLO05,Rope
PLOT_ITEMS,BAZPLO06,Reversal_Scroll
PLOT_ITEMS,BAZPLO07,Empty_Breath_Potion_Flask
PLOT_ITEMS,BAZPLO08,Gauth_Eyestalk
PLOT_ITEMS,HGHEART,Still_Beating_Heart
PLOT_ITEMS,HGHEART2,Yaga_Shuras_Heart
PLOT_ITEMS,HGWARD01,Flame_Wardstone
PLOT_ITEMS,HGWARD02,Skull_Wardstone
PLOT_ITEMS,HGWARD03,Hammer_Wardstone
PLOT_ITEMS,HGWARD04,Blood_Wardstone
PLOT_ITEMS,LUM1 to LUM9,Handwritten_Notes
PLOT_ITEMS,PLOT01A,Ritual_Scroll
PLOT_ITEMS,PLOT01B,Vigil_Stone
PLOT_ITEMS,PLOT01C,Tattered_Parchment
PLOT_ITEMS,PLOT01D,Tattered_Parchment_1
PLOT_ITEMS,PLOT01E,Tattered_Parchment_2
PLOT_ITEMS,PLOT01F,Candle
PLOT_ITEMS,PLOT01G,Holy_Book
PLOT_ITEMS,PLOT01H,Bell
PLOT_ITEMS,PLOT01I,History_of_the_Imprisoned_One
PLOT_ITEMS,PLOT01J,Wardstone
PLOT_ITEMS,PLOT01K,Wardstone_1
PLOT_ITEMS,PLOT01L,Tinderbox
PLOT_ITEMS,PLOT01M,Handwritten_Note
PLOT_ITEMS,PLOT01N,Scribbled_Note
PLOT_ITEMS,PLOT01O,Key
PLOT_ITEMS,PLOT01P,Old_Slippers
PLOT_ITEMS,PLOT01Q,Helms_Scroll
PLOT_ITEMS,PLOT02A,Scepter_of_Radiance
PLOT_ITEMS,PLOT02B,Scepter_of_Radiance_1
PLOT_ITEMS,PLOT02C,Scepter_Gem
PLOT_ITEMS,PLOT02D,Scepter_Gem_1
PLOT_ITEMS,PLOT02E,Scepter_Gem_2
PLOT_ITEMS,PLOT02F,Madmans_Journal
PLOT_ITEMS,PLOT02G,Journal
PLOT_ITEMS,PLOT02H,Deck_of_Many_Things_1
PLOT_ITEMS,PLOT02I,Tahazzars_Heart
PLOT_ITEMS,PLOT02J,Karashurs_Heart
PLOT_ITEMS,PLOT03A,Air_Scepter
PLOT_ITEMS,PLOT03B,Fire_Scepter
PLOT_ITEMS,PLOT03C,Slime_Scepter
PLOT_ITEMS,PLOT03D,Ice_Scepter
PLOT_ITEMS,PLOT03E,Portal_Key_1
PLOT_ITEMS,PLOT03F,Air_Library_Note
PLOT_ITEMS,PLOT03G,Fire_Library_Note
PLOT_ITEMS,PLOT03H,Slime_Library_Note
PLOT_ITEMS,PLOT03I,Ice_Library_Note
PLOT_ITEMS,PLOT03K,Key_1
PLOT_ITEMS,PLOT04A,Blue_Oil
PLOT_ITEMS,PLOT04B,Red_Oil
PLOT_ITEMS,PLOT04C,Purple_Oil
PLOT_ITEMS,PLOT04D,Crystal_Mallet
PLOT_ITEMS,PLOT04E,Diary_of_Carstons_Apprentice
PLOT_ITEMS,PLOT04F,Flint_and_Tinder
PLOT_ITEMS,PLOT04G,Illithid_Rod
PLOT_ITEMS,PLOT04H,Illithid_Rod_1
PLOT_ITEMS,PLOT04I,Illithid_Rod_2
PLOT_ITEMS,PLOT04J,Carstons_Journal
PLOT_ITEMS,PLOT05A,Heart_Key
PLOT_ITEMS,PLOT05B,Mind_Key
PLOT_ITEMS,PLOT05C,Spirit_Key
PLOT_ITEMS,PLOT05D,Warriors_Skull
PLOT_ITEMS,PLOT16A,Bounty_Notice
PLOT_ITEMS,PLOT16B,Note_4
PLOT_ITEMS,PLOT17A,Monastery_Gate_Key
PLOT_ITEMS,PLOT17B,Graveyard_Key
PLOT_ITEMS,PLOT18A,Lazarus_Teleport_Scroll
PLOT_ITEMS,PLOT18B,Lazarus_Spellbook
GEM,GBERRY,Good_Berry
GEM,OHDAPPLE,Silver_Apple
GEM,TTGEM01,Pearl_1
GEM,TTGEM02,Aquamarine_Gem_1
GEM,TTTREAS,Star_Sapphire_1
GEM,DMGEM1,Rogue_Stone
GEM,MISC16,Fire_Agate_Gem
GEM,MISC17,Lynx_Eye_Gem
GEM,MISC18,Sunstone_Gem
GEM,MISC19,Turquoise_Gem
GEM,MISC20,Bloodstone_Gem
GEM,MISC21,Skydrop_Gem
GEM,MISC22,Andar_Gem
GEM,MISC23,Jasper_Gem
GEM,MISC24,Tchazar_Gem
GEM,MISC25,Zircon_Gem
GEM,MISC26,Iol_Gem
GEM,MISC27,Moonstone_Gem
GEM,MISC28,Waterstar_Gem
GEM,MISC29,Ziose_Gem
GEM,MISC30,Chrysoberyl_Gem
GEM,MISC31,Star_Diopside_Gem
GEM,MISC32,Shandon_Gem
GEM,MISC33,Aquamarine_Gem
GEM,MISC34,Garnet_Gem
GEM,MISC35,Horn_Coral_Gem
GEM,MISC36,Pearl
GEM,MISC37,Sphene_Gem
GEM,MISC38,Black_Opal
GEM,MISC39,Water_Opal
GEM,MISC40,Moonbar_Gem
GEM,MISC41,Star_Sapphire
GEM,MISC42,Diamond
GEM,MISC43,Emerald
GEM,MISC44,Kings_Tears
GEM,MISC45,Rogue_Stone_1
GEM,MISC6N,Sun_Gem
GEM,MISC6O,Sun_Gem_1
GEM,OHDCRYST,Purple_Crystal
GEM,OHRGEM01,Shadow_Gem
GEM,PLOT02C,Scepter_Gem
GEM,PLOT02D,Scepter_Gem_1
GEM,PLOT02E,Scepter_Gem_2
GEM,MISC6Z,Beljuril
WARDSTONE,COMPON09,Rune_of_Clangeddin
WARDSTONE,MISC2A,Doppelganger_Wardstone
WARDSTONE,MISC2B,Level_1_Exit_Wardstone
WARDSTONE,MISC2C,Islanne_Wardstone
WARDSTONE,MISC2D,Kiel_Wardstone
WARDSTONE,MISC2E,Fuernebol_Wardstone
WARDSTONE,MISC2F,Teleportation_Wardstone
WARDSTONE,MISC2G,Level_2_Exit_Wardstone
WARDSTONE,MISC2I,Wardstone_Forgery
WARDSTONE,MISC2J,Wardstone_Forgery_1
WARDSTONE,MISC2K,Compass_Wardstone
WARDSTONE,MISC2L,Bone_Wardstone
WARDSTONE,MISC2M,Dwarven_Rune_1_Wardstone
WARDSTONE,MISC2N,Dwarven_Rune_2_Wardstone
WARDSTONE,MISCBH,Deirexs_Gems
WARDSTONE,SW1H54C,Pommel_Jewel_of_the_Equalizer
WARDSTONE,HGSTONE,Cold_Stone
WARDSTONE,MISC6T,Planar_Stone
BOOKS,BOOK01,Magical_Book
BOOKS,BOOK02,Spell_Book
BOOKS,BOOK03,Tome_of_Bodily_Health_PLUS1_Con
BOOKS,BOOK04,Tome_of_Gainful_Exercise_PLUS1_Str
BOOKS,BOOK05,Tome_of_Quickness_of_Action_PLUS1_Dex
BOOKS,BOOK06,Tome_of_Clear_Thought_PLUS1_Int
BOOKS,BOOK07,Tome_of_Leadership_and_Influence_PLUS1_Chr
BOOKS,BOOK08,Tome_of_Understanding_PLUS1_Wis
BOOKS,BOOK09,Normal_Book
BOOKS,BOOK10,History_of_Calimshan
BOOKS,BOOK11,History_of_Cormyr
BOOKS,BOOK12,History_of_Dambrath
BOOKS,BOOK13,History_of_Durpar_and_Var
BOOKS,BOOK14,History_of_Estagund
BOOKS,BOOK15,Gondegal_the_Lost_King
BOOKS,BOOK16,History_of_Halruaa
BOOKS,BOOK17,History_of_Luiren
BOOKS,BOOK18,History_of_Sembia
BOOKS,BOOK19,History_of_Shadowdale_I
BOOKS,BOOK20,History_of_Shadowdale_II
BOOKS,BOOK21,History_of_Shadowdale_III
BOOKS,BOOK22,History_of_Shadowdale_IV
BOOKS,BOOK23,History_of_Shadowdale_V
BOOKS,BOOK24,History_of_Shadowdale_VI
BOOKS,BOOK25,History_of_Shadowdale_VII
BOOKS,BOOK26,History_of_Shadowdale_VIII
BOOKS,BOOK27,History_of_Shadowdale_IX
BOOKS,BOOK28,History_of_Shadowdale_X
BOOKS,BOOK29,History_of_Shadowdale_XI
BOOKS,BOOK30,History_of_Shadowdale_XII
BOOKS,BOOK31,History_of_Shadowdale_XIII
BOOKS,BOOK32,History_of_Tethyr
BOOKS,BOOK33,History_of_the_Bell_in_the_Depths
BOOKS,BOOK34,History_of_the_Chosen_of_Mystra
BOOKS,BOOK35,History_of_the_Dales_and_the_Elven_Court
BOOKS,BOOK36,History_of_the_Dead_Three
BOOKS,BOOK37,History_of_the_Dragon_Coast
BOOKS,BOOK38,History_of_the_Drow_I
BOOKS,BOOK39,History_of_the_Drow_II
BOOKS,BOOK40,History_of_the_Fateful_Coin
BOOKS,BOOK41,Last_March_of_the_Giants
BOOKS,BOOK42,History_of_the_Moonsea
BOOKS,BOOK43,History_of_the_North_I
BOOKS,BOOK44,History_of_the_North_II
BOOKS,BOOK45,History_of_the_North_III
BOOKS,BOOK46,History_of_the_North_IV
BOOKS,BOOK47,History_of_the_North_V
BOOKS,BOOK48,History_of_the_North_VI
BOOKS,BOOK49,History_of_the_North_VII
BOOKS,BOOK50,History_of_the_North_VIII
BOOKS,BOOK51,History_of_the_North_IX
BOOKS,BOOK52,History_of_the_North_X
BOOKS,BOOK53,History_of_the_Red_Ravens
BOOKS,BOOK54,Sisters_of_Light_and_Darkness
BOOKS,BOOK55,History_of_the_Unicorn_Run
BOOKS,BOOK56,History_of_the_Valley_of_the_Gods
BOOKS,BOOK57,History_of_the_Vast
BOOKS,BOOK58,History_of_the_Western_Heartland
BOOKS,BOOK59,History_of_the_Zhentarim
BOOKS,BOOK60,History_of_the_Ulgarth
BOOKS,BOOK61,History_of_Amn
BOOKS,BOOK62,History_of_Waterdeep_I
BOOKS,BOOK63,History_of_Waterdeep_II
BOOKS,BOOK64,History_of_Waterdeep_III
BOOKS,BOOK65,History_of_Waterdeep_IV
BOOKS,BOOK66,History_of_Waterdeep_V
BOOKS,BOOK67,History_of_Waterdeep_VI
BOOKS,BOOK68,Book_of_Ancient_KnowledgeHistory_of_the_Nether_Scrolls
BOOKS,BOOK70,Yagos_Book_of_Curses
BOOKS,BOOK71,Dusty_Book
BOOKS,BOOK72,Dusty_Book_1
BOOKS,BOOK73,Dusty_Book_2
BOOKS,BOOK74,Dusty_Book_3
BOOKS,BOOK75,Dusty_Book_4
BOOKS,BOOK76,Dusty_Book_5
BOOKS,BOOK77,Dusty_Book_6
BOOKS,BOOK78,Dusty_Book_7
BOOKS,BOOK79,Dusty_Book_8
BOOKS,BOOK80,Dusty_Book_9
BOOKS,BOOK81,Dusty_Book_10
BOOKS,BOOK82,Dusty_Book_11
BOOKS,BOOK83,Dusty_Book_12
BOOKS,BOOK84,Dusty_Book_13
BOOKS,BOOK85,Dusty_Book_14
BOOKS,BOOK86,Dusty_Book_15
BOOKS,BOOK87,Baldurans_Log_Book
BOOKS,BOOK88,The_Recipes_and_Ruminations_of_One_Dradeel_of_Tethir
BOOKS,BOOK89,The_Book_of_Kaza
BOOKS,BOOK90,Golem_Building_Book
BOOKS,BOOK91,Tome_of_Amaunator
BOOKS,BOOK92,Merellas_Journal
BOOKS,BOOK93,Orcish_Cookbook
BOOKS,BOOK94,The_Vapiricus_Omnibus_Unabridged
BOOKS,BOOK95,Dea_Vampir_Becomos
BOOKS,BOOK96,Conjur_Ota_Servanta
BOOKS,BOOK97,Lellyns_Journal
BOOKS,BOOK98,Book_of_King_Strohm_III
NOTES,HGBOOK1,Yaga_Shuras_Journal
NOTES,BAZPLO06,Scroll_of_Reversal
NOTES,BOOK93,Orcish_Cookbook
NOTES,MISC7P,Tombelthens_Journal__first_half_
NOTES,MISC7Q,Tombelthens_Journal__2nd_half_
NOTES,MISCCC,Note_4
NOTES,OHBBOOK1,The_Journal_of_Geldorf_Tinbasher
NOTES,PLOT01C,Tattered_Parchment
NOTES,PLOT01D,Tattered_Parchment_1
NOTES,PLOT01E,Tattered_Parchment_2
NOTES,PLOT01M,Handwritten_Note_8
NOTES,PLOT01N,Scribbled_Note
NOTES,PLOT02F,Madmans_Journal
NOTES,PLOT02G,Journal
NOTES,PLOT03F,Air_Library_Note
NOTES,PLOT03G,Fire_Library_Note
NOTES,PLOT03H,Slime_Library_Note
NOTES,PLOT03I,Ice_Library_Note
NOTES,PLOT04E,Diary_of_Carstons_Apprentice
NOTES,PLOT04J,Carstons_Journal
NOTES,PLOT16A,Bounty_Notice
NOTES,PLOT16B,Note_6
NOTES,SCRLAG,Crom_Faeyr_Scroll
NOTES,OHBBOOK2,Thassks_Journal
NOTES,MISC9C,Liums_Journal_of_Malevolent_Magicks
NOTES,OHNNOTE4,The_Journal_of_Fadell_Ironeye
NOTES,MISCAK,Wardens_Note
NOTES,MISC7W,Lavoks_Tome
NOTES,OHNNOTE3,Lanneths_Journal
NOTES,MISC8F,Playhouse_Deed
NOTES,MISC8P,Isaeas_Slavery_Document
NOTES,SCRLAA,Scroll_2
NOTES,SCRLA9,Scroll_1
NOTES,PLOT18B,Lazaruss_Spellbook
NOTES,OHBBOOK5,Dennatons_Journal_1
NOTES,OHBBOOK6,Dennatons_Journal_2
NOTES,OHBBOOK4,Dennatons_Journal
NOTES,MISCA3,Book_of_Rituals
NOTES,MISC8N,Isaeas_Financial_Statements
NOTES,MISC7M,Corthala_Tax_Notice
NOTES,MISC9L,Deed_to_the_Windspear_Hills
NOTES,MISC71,Delornas_Spellbook
NOTES,MISC7H,Umar_Witch_Project_Journal
NOTES,TOME02A,Clay_Golem_Page
NOTES,TOME03A,Stone_Golem_Page
NOTES,TOME04A,Juggernaut_Golem_Page
NOTES,MISC6F,Quatariss_Confession
NOTES,PLOT18A,Lazaruss_Teleport_Scroll
NOTES,OHRNOT03,Torn_Map
NOTES,OHRPAMPH,Worn_Pamphlet
NOTES,MISC5J,Writ_of_Innocence
NOTES,WISHSCRL,Note_9
NOTES,OHNNOTE5,Diary_of_Vicross
NOTES,OHHCASK2,Hexxats_Coffin
NOTES,OHHCASK,Empty_Casket
NOTES,MISC6U,Firkraags_Challenge
NOTES,OHRNOT01,Scrap_of_Paper
NOTES,OHBBOOK3,Bannors_Journal
NOTES,SCRLAB,Dradeels_Recipe_Page
NOTES,SCRLAD,Dradeels_Recipe_Page_2
NOTES,SCRLAC,Dradeels_Recipe_Page_1
NOTES,BOOKEE,Elminsters_Ecologies__Appendix_IIIa
NOTES,OHNNOTE2,Letter
NOTES,SCRLAE,Dradeels_Recipe_Page_3
NOTES,SCRLAF,Dradeels_Recipe_Page_4
NOTES,SCRL3D,Letter_21
NOTES,SCRLJALA,Geas_Removal_Scroll
NOTES,MISC7C,Contacts_Note
NOTES,MISC6R,Note_to_Order
NOTES,SCRLADJ,Note_7
NOTES,MISCBX,Note_3
NOTES,SCRL3I,Scroll
NOTES,LUM1,Handwritten_Note
NOTES,LUM2,Handwritten_Note_1
NOTES,LUM3,Handwritten_Note_2
NOTES,LUM4,Handwritten_Note_3
NOTES,LUM5,Handwritten_Note_4
NOTES,LUM6,Handwritten_Note_5
NOTES,LUM7,Handwritten_Note_6
NOTES,LUM8,Handwritten_Note_7
NOTES,MISC6A,Tanners_Letter
NOTES,MISC7O,Note
NOTES,MISC7S,Lord_Tombelthens_Note
NOTES,MISC8A,Note_1
NOTES,MISC8B,Note_2
NOTES,PLOT01A,Ritual_Scroll
NOTES,SCRLSD,Restoration_1
NOTES,TTSCRL01,Flame_Arrow_1
NOTES,TTSCRL02,Monster_Summoning_I_1
NOTES,MISC9I,First_Journal_of_Jon_Irenicus
NOTES,MISCCA,Demins_Note
NOTES,SCRLZY,Summon_Cow
NOTES,SCRLZZ,Summon_Cow_1
NOTES,OHDSCRL,Telwyns_Note
NOTES,OHBSCRL,Scroll_of_Spirit_Transference
NOTES,MISC9K,Third_Journal_of_Jon_Irenicus
NOTES,PLOT01Q,Helms_Scroll
NOTES,OHBSCRL2,Scroll_of_Spirit_Transference_1
NOTES,SCRL3E,Letter_22
NOTES,OHNNOTE1,Contract
NOTES,SCRL3F,The_diary_of_Sarevok
NOTES,MISC4T,Letter_of_Transfer
NOTES,MISC8I,Note_from_Imnesvale
NOTES,SCRLHP,Note_8
NOTES,MISC78,Invitation
NOTES,SCRLICK,Illithid_Correspondence
NOTES,MISCBZ,Tizzaks_Journal
NOTES,MISC8E,Dusk_Ritual
NOTES,MISC8C,Morn_Ritual
NOTES,MISC8D,Noontide_Ritual
NOTES,MDK2SUMM,The_MDK2_Spell
NOTES,MISCBW,Sahuagin_Scribes_Notes
NOTES,MISCA5,Stoneshape_Scroll
NOTES,SCRLAUTO,Autograph
NOTES,MISC9J,Second_Journal_of_Jon_Irenicus
NOTES,SCRLMZ,A_Note_from_Mazzy_Fentan
NOTES,MISC5P,Ransom_Note
NOTES,SCRL2I,Letter_1
MISC,AERIEBAB,Aeries_Baby
MISC,AMSOUL01,Mallas_Soul_Stone
MISC,BOTSMITH,Summons_Cespenar
MISC,C6LANTHO,The_Lanthorn
MISC,DECK,Deck_of_Many_Things
MISC,FIGURE01,Shakti_Figurine
MISC,GLOBBLU1,Blue_Globes_1
MISC,GLOBBLU2,Blue_Globes_2
MISC,GLOBBLU3,Blue_Globes_3
MISC,GLOBBLU4,Blue_Globes_4
MISC,GLOBRED1,Red_Globes_1
MISC,GLOBRED2,Red_Globes_2
MISC,GLOBRED3,Red_Globes_3
MISC,GLOBRED4,Red_Globes_4
MISC,GLOBGRE1,Green_Globes_1
MISC,GLOBGRE2,Green_Globes_2
MISC,GLOBGRE3,Green_Globes_3
MISC,GLOBGRE4,Green_Globes_4
MISC,GLOBPUR1,Purple_Globes_1
MISC,GLOBPUR2,Purple_Globes_2
MISC,GLOBPUR3,Purple_Globes_3
MISC,GLOBPUR4,Purple_Globes_4
MISC,MAGE01,Ring_of_Invisibility
MISC,MAGE02,Ring_of_Barkskin
MISC,MAGE03,Ring_of_Mirror_Image
MISC,MAGE04,Pseudo_Ring_of_Blur
MISC,MAGE05,Pseudo_Ring_of_Free_Action
MISC,OHNCOLL,Collar_Bell
MISC,OHNTANK,Tankard
MISC,OHRSCRL1,Gem_of_Seen
Exceptions,MISC01,Winter_Wolf_Pelt
Exceptions,MISC02,Mirror
Exceptions,MISC03,Small_Box
Exceptions,MISC04,Bassilus_Holy_Symbol
Exceptions,MISC07,Gold_Piece
Exceptions,MISC12,Ankheg_Shell
Exceptions,MISC13,Samuel
Exceptions,MISC16,Fire_Agate_Gem
Exceptions,MISC17,Lynx_Eye_Gem
Exceptions,MISC18,Sunstone_Gem
Exceptions,MISC19,Turquoise_Gem
Exceptions,MISC1A,Bottle_of_Wine
Exceptions,MISC1B,Butter_Knife_of_Balduran
Exceptions,MISC1C,Sea_Charts
Exceptions,MISC1E,Evans_Body
Exceptions,MISC1F,Dradeels_Spell_Book
Exceptions,MISC1G,Farthings_Dolly
Exceptions,MISC1H,Gong_Mallet
Exceptions,MISC1I,Belladonna_flowers
Exceptions,MISC1J,Glittering_Beljuril_Gemstone
Exceptions,MISC20,Bloodstone_Gem
Exceptions,MISC21,Skydrop_Gem
Exceptions,MISC22,Andar_Gem
Exceptions,MISC23,Jasper_Gem
Exceptions,MISC24,Tchazar_Gem
Exceptions,MISC25,Zircon_Gem
Exceptions,MISC26,Iol_Gem
Exceptions,MISC27,Moonstone_Gem
Exceptions,MISC28,Waterstar_Gem
Exceptions,MISC29,Ziose_Gem
Exceptions,MISC2A,Doppelganger_Wardstone
Exceptions,MISC2B,Level_1_Exit_Wardstone
Exceptions,MISC2C,Islanne_Wardstone
Exceptions,MISC2D,Kiel_Wardstone
Exceptions,MISC2E,Fuernebol_Wardstone
Exceptions,MISC2F,Teleportation_Wardstone
Exceptions,MISC2G,Level_2_Exit_Wardstone
Exceptions,MISC2I,Wardstone_Forgery
Exceptions,MISC2K,Compass_Wardstone
Exceptions,MISC2L,Bone_Wardstone
Exceptions,MISC2M,Dwarven_Rune_1_Wardstone
Exceptions,MISC2N,Dwarven_Rune_2_Wardstone
Exceptions,MISC2O,Lock_of_hair_from_Kirinhale
Exceptions,MISC2P,Harp_of
Exceptions,MISC30,Chrysoberyl_Gem
Exceptions,MISC31,Star_Diopside_Gem
Exceptions,MISC32,Shandon_Gem
Exceptions,MISC33,Aquamarine_Gem
Exceptions,MISC34,Garnet_Gem
Exceptions,MISC35,Horn_Coral_Gem
Exceptions,MISC36,Pearl
Exceptions,MISC37,Sphene_Gem
Exceptions,MISC38,Black_Opal
Exceptions,MISC39,Water_Opal
Exceptions,MISC3A,Book_of_Infinite_Spells
Exceptions,MISC3A1,Book_of_Infinite_Spells_1
Exceptions,MISC3A2,Book_of_Infinite_Spells_2
Exceptions,MISC3A3,Book_of_Infinite_Spells_3
Exceptions,MISC3A4,Book_of_Infinite_Spells_4
Exceptions,MISC3A5,Book_of_Infinite_Spells_5
Exceptions,MISC3A6,Book_of_Infinite_Spells_6
Exceptions,MISC3A7,Book_of_Infinite_Spells_7
Exceptions,MISC3A8,Book_of_Infinite_Spells_8
Exceptions,MISC3A9,Book_of_Infinite_Spells_9
Exceptions,MISC3C,Efreeti_Bottle
Exceptions,MISC3D,Golden_Lion_Figurine
Exceptions,MISC3E,Black_Spider_Figurine
Exceptions,MISC3F,Jade_Hound
Exceptions,MISC3H,Horn_of_Blasting
Exceptions,MISC3I,Silver_Horn_of_Valhalla
Exceptions,MISC3J,Bronze_Horn_of_Valhalla
Exceptions,MISC3K,Iron_Horn_of_Valhalla
Exceptions,MISC3L,Horn_of_Silence
Exceptions,MISC3M,Harp_of_Discord
Exceptions,MISC3N,Azlaers_Harp
Exceptions,MISC3O,Methilds_Harp
Exceptions,MISC3P,Glasses_of_Identification
Exceptions,MISC40,Moonbar_Gem
Exceptions,MISC41,Star_Sapphire
Exceptions,MISC42,Diamond
Exceptions,MISC43,Emerald
Exceptions,MISC44,Kings_Tears
Exceptions,MISC45,Rogue_Stone
Exceptions,MISC47,Golden_Pantaloons
Exceptions,MISC48,Idol
Exceptions,MISC49,Melicamp_the_Chicken
Exceptions,MISC4A,Activation_Stone
Exceptions,MISC4B,Jail_Cell_Key
Exceptions,MISC4C,Air_Elemental_Statue
Exceptions,MISC4D,The_Genies_Flask
Exceptions,MISC4E,Energy_Cells
Exceptions,MISC4G,Portal_Key
Exceptions,MISC4H,Wand_of_Fire_Key
Exceptions,MISC4I,Wand_of_Frost_Key
Exceptions,MISC4J,Wand_of_Summoning_Key
Exceptions,MISC4K,Wand_of_Lightning_Key
Exceptions,MISC4L,Wand_of_Cloudkill_Key
Exceptions,MISC4M,Wand_of_Missiles_Key
Exceptions,MISC4N,Acorns
Exceptions,MISC4O,Sewage_Golem_Key
Exceptions,MISC4P,Key_to_Frennedans_Room
Exceptions,MISC4Q,The_Ogres_Sword
Exceptions,MISC4R,Haegans_Key
Exceptions,MISC4S,Key_to_Shadow_Thieves_Cellar
Exceptions,MISC4T,Letter_of_Transfer
Exceptions,MISC4U,Embarls_Dagger
Exceptions,MISC4V,MaeVars_Letter
Exceptions,MISC4W,Edwins_Documents
Exceptions,MISC4X,Statuette_of_Lathander
Exceptions,MISC4Y,Necklace_of_Talos
Exceptions,MISC4Z,Beastmaster_Key
Exceptions,MISC50,Skull
Exceptions,MISC51,Lock_of_Nymphs_Hair
Exceptions,MISC52,Wyvern_Head
Exceptions,MISC53,Bowl_of_Water_Elemental_Control
Exceptions,MISC54,Childs_Body
Exceptions,MISC55,Duke_Eltans_Body
Exceptions,MISC56,Broken_Weapon
Exceptions,MISC57,Broken_Shield
Exceptions,MISC58,Broken_Armor
Exceptions,MISC59,Broken_Miscellaneous
Exceptions,MISC5A,Rift_Device_Part
Exceptions,MISC5B,Rift_Device_Part_2
Exceptions,MISC5C,Rift_Device
Exceptions,MISC5D,Harper_Bird
Exceptions,MISC5E,Harper_Amulet
Exceptions,MISC5F,Renfelds_Body
Exceptions,MISC5G,Exotic_Hide
Exceptions,MISC5H,Guril_Berries
Exceptions,MISC5I,Amsis_Key
Exceptions,MISC5J,Writ_of_Innocence
Exceptions,MISC5K,Illithium_Ore
Exceptions,MISC5L,Littleman_The_Stuffed_Bear
Exceptions,MISC5M,Inspectors_Body
Exceptions,MISC5N,Piece_of_Red_Cloth
Exceptions,MISC5O,Silver_Pantaloons
Exceptions,MISC5P,Ransom_Note
Exceptions,MISC5Q,Blood_of_Quallos_Friend
Exceptions,MISC5R,The_Lovers_Ring
Exceptions,MISC5S,Hand
Exceptions,MISC5T,Shamans_Staff
Exceptions,MISC5U,Montarons_Body
Exceptions,MISC5V,Lock_of_Jaheiras_Hair
Exceptions,MISC5W,Keepsake_Locket
Exceptions,MISC5X,Harper_Pin
Exceptions,MISC5Y,Jaheiras_Note
Exceptions,MISC5Z,Rift_Device_1
Exceptions,MISC60,Spider_Body
Exceptions,MISC61,Bottle_of_Wine_1
Exceptions,MISC62,Dead_Cat
Exceptions,MISC63,Chew_Toy
Exceptions,MISC64,Telescope
Exceptions,MISC65,Brages_Body
Exceptions,MISC66,Farmer_Bruns_son
Exceptions,MISC67,Bruns_Dead_Son
Exceptions,MISC68,Abela_the_Nymph
Exceptions,MISC69,Helsharas_Artifact_Fragment
Exceptions,MISC6A,Tanners_Letter
Exceptions,MISC6B,Dennis_Mothers_Gong
Exceptions,MISC6C,Guril_Berries_1
Exceptions,MISC6D,Solik_Berries
Exceptions,MISC6E,Oak_Bark
Exceptions,MISC6F,Quataris_Confession
Exceptions,MISC6G,Bust_of_Sune
Exceptions,MISC6H,Mekraths_Mirror
Exceptions,MISC6I,Anargs_Cup
Exceptions,MISC6J,Golem_Head
Exceptions,MISC6K,Golem_Arm
Exceptions,MISC6L,Golem_Brain
Exceptions,MISC6M,Demon_Heart
Exceptions,MISC6N,Sun_Gem
Exceptions,MISC6O,Sun_Gem_1
Exceptions,MISC6P,Shadow_Dragon_Wardstone
Exceptions,MISC6Q,Amuanas_Bones
Exceptions,MISC6R,Note_to_Order
Exceptions,MISC6S,Chunk_of_Illithium_Alloy
Exceptions,MISC6T,Planar_Stone
Exceptions,MISC6U,Firkraags_Challenge
Exceptions,MISC6V,Smuggled_Shipment
Exceptions,MISC6W,Wooden_Stake
Exceptions,MISC6X,Portal_Gem
Exceptions,MISC6Y,Mimics_Blood
Exceptions,MISC6Z,Beljuril
Exceptions,MISC70,Delornas_Statue
Exceptions,MISC71,Delornas_Spellbook
Exceptions,MISC72,The_Claw_of_Kazgaroth
Exceptions,MISC73,The_Horn_of_Kazgaroth
Exceptions,MISC74,The_Candle
Exceptions,MISC75,Dagger_of_Venom_1
Exceptions,MISC76,The_Dream_Potion
Exceptions,MISC77,Skull_of_Kereph
Exceptions,MISC78,Invitation
Exceptions,MISC79,Female_Body
Exceptions,MISC7A,Chicken
Exceptions,MISC7B,Chicken_1
Exceptions,MISC7C,Contacts_Note
Exceptions,MISC7D,Barls_Antidote
Exceptions,MISC7E,Fairy_Dust
Exceptions,MISC7F,TiVaels_Head
Exceptions,MISC7G,Jaheiras_note_for
Exceptions,MISC7H,Umar_Witch_Project_Journal
Exceptions,MISC7I,Chaos_Tome
Exceptions,MISC7J,Wand_of_Activation
Exceptions,MISC7K,Head_of_Cotirso
Exceptions,MISC7L,Valygars_Body
Exceptions,MISC7M,Corthala_Tax_Notice
Exceptions,MISC7N,Wand_of_Lightning
Exceptions,MISC7O,Note
Exceptions,MISC7P,Tombelthens_Journal
Exceptions,MISC7Q,Tombelthens_Journal_1
Exceptions,MISC7R,Mithril_Medallion
Exceptions,MISC7S,Lord_Tombelthens_Note
Exceptions,MISC7T,Moon_Dog_Figurine
Exceptions,MISC7U,Dog_Stew
Exceptions,MISC7V,Dog_Meat
Exceptions,MISC7W,Lavoks_Tome
Exceptions,MISC7X,Mastery_Orb
Exceptions,MISC7Y,Thrall_Collar
Exceptions,MISC7Z,Coal
Exceptions,MISC80,Male_Body
Exceptions,MISC82,Ancient_Armor
Exceptions,MISC83,Key_to_River_Plug
Exceptions,MISC84,Boo
Exceptions,MISC85,Mulaheys_Holy_Symbol
Exceptions,MISC86,Bandit_Scalp
Exceptions,MISC87,Contaminated_Iron
Exceptions,MISC88,Rabbits_Foot
Exceptions,MISC89,Edwins_Amulet
Exceptions,MISC8A,Note_1
Exceptions,MISC8B,Note_2
Exceptions,MISC8C,Morn_Ritual
Exceptions,MISC8D,Noontide_Ritual
Exceptions,MISC8E,Dusk_Ritual
Exceptions,MISC8F,Playhouse_Deed
Exceptions,MISC8G,Rune_of_Imprisonment
Exceptions,MISC8H,Blood_of_a_Silver_Dragon
Exceptions,MISC8I,Note_from_Imnesvale
Exceptions,MISC8J,Boots_of_the_West
Exceptions,MISC8K,Ihtafeers_head
Exceptions,MISC8L,Mantle_of_Waukeen
Exceptions,MISC8M,Trademeet_Tomb_Key
Exceptions,MISC8N,Isaeas_Financial_Statements
Exceptions,MISC8O,Isaeas_Signet_Ring
Exceptions,MISC8P,Isaeas_Slavery_Document
Exceptions,MISC8Q,Rebels_Orb
Exceptions,MISC8R,Fake_Rebels_Heart
Exceptions,MISC8S,Rebels_Heart
Exceptions,MISC8T,Cernds_Baby
Exceptions,MISC8U,Silver_Blade
Exceptions,MISC8V,Wardstone_for_Asylum
Exceptions,MISC8W,Opal_Stone
Exceptions,MISC8X,Ruby_Stone
Exceptions,MISC8Y,Sapphire_Stone
Exceptions,MISC8Z,Kurtulmaks_Crystal_Shard
Exceptions,MISC90,Chelaks_Body
Exceptions,MISC91,Grapes
Exceptions,MISC92,Switch_for_engine
Exceptions,MISC93,Odd_looking_key
Exceptions,MISC94,Mallet_head
Exceptions,MISC95,Mallet_handle
Exceptions,MISC96,Peladon
Exceptions,MISC97,DeTranions_Baalor_ale
Exceptions,MISC98,Durlags_goblet
Exceptions,MISC99,Cursed_Plate_mail_armor
Exceptions,MISC9A,The_Hand_of_Dace
Exceptions,MISC9B,Vampire_Stake
Exceptions,MISC9C,Liums_Journal_of_Malevolent_Magicks
Exceptions,MISC9D,Giant_Trolls_Head
Exceptions,MISC9E,Minotaur_Horn
Exceptions,MISC9F,Minotaur_Horn_2
Exceptions,MISC9G,Pirate_Horn
Exceptions,MISC9H,Nebs_Head
Exceptions,MISC9I,First_journal_of_Jon_Irenicus
Exceptions,MISC9J,Second_journal_of_Jon_Irenicus
Exceptions,MISC9K,Third_journal_of_Irenicus
Exceptions,MISC9L,Deed_to_the_Windspear_Hills
Exceptions,MISC9M,Pipe
Exceptions,MISC9N,Pendant
Exceptions,MISC9O,Staff
Exceptions,MISC9P,Helmet_2
Exceptions,MISC9Q,Scimitar
Exceptions,MISC9R,Light_Gem
Exceptions,MISC9S,Mind_Amplification_Device
Exceptions,MISC9T,Dragon_Eggs
Exceptions,MISC9U,Fake_Dragon_Eggs
Exceptions,MISC9V,Fake_Dragon_Eggs_1
Exceptions,MISC9W,Drow_Piwafwi_Cloak_1
Exceptions,MISC9X,Control_Circlet
Exceptions,MISC9Y,Brine_Potion
Exceptions,MISC9Z,Corrupted_Tadpoles
Exceptions,MISCA1,Gem
Exceptions,MISCA2,Sulphurous_Poison
Exceptions,MISCA3,Book_of_Rituals
Exceptions,MISCA4,Potion_of_Squirrel_Change
Exceptions,MISCA5,Stoneshape_Scroll
Exceptions,MISCA6,Patrol_Leaders_Helmet
Exceptions,MISCA7,KuoToans_Blood
Exceptions,MISCA8,Eyestalk_of_an_Elder_Orb
Exceptions,MISCA9,Star_Medallion
Exceptions,MISCAA,Golden_Circlet
Exceptions,MISCAB,Jar_of_Water
Exceptions,MISCAC,Sundial
Exceptions,MISCAD,Sun_Medallion
Exceptions,MISCAE,Sword_Medallion
Exceptions,MISCAF,The_Gagged_Man
Exceptions,MISCAG,Mirror_1
Exceptions,MISCAH,Hourglass
Exceptions,MISCAI,Worn_Out_Boots_1
Exceptions,MISCAJ,Grinning_Skull
Exceptions,MISCAK,Wardens_Note
Exceptions,MISCAL,Mithril_Token
Exceptions,MISCAM,Galvenas_Key
Exceptions,MISCAN,Galvenas_Medallion
Exceptions,MISCAO,Mind_Flayer_Painting
Exceptions,MISCAP,Umberhulk_Painting
Exceptions,MISCAQ,Troll_Painting
Exceptions,MISCAR,Djinni_Painting
Exceptions,MISCAS,Sleeping_Draught
Exceptions,MISCAT,Mug_of_Ale
Exceptions,MISCAU,Elven_Holy_Water
Exceptions,MISCAV,Golden_Skull
Exceptions,MISCAW,Golden_Arm_and_Leg
Exceptions,MISCAX,Golden_Leg
Exceptions,MISCAY,Golden_Torso
Exceptions,MISCAZ,Beholder_Eye
Exceptions,MISCB1,Talisman_of_Rillifane
Exceptions,MISCB2,Golden_Goblet_of_Life
Exceptions,MISCB3,Moonblade
Exceptions,MISCB4,Tree_of_Life_Nuts
Exceptions,MISCB5,Tears_of_Bhaal
Exceptions,MISCB6,Tears_of_Bhaal_1
Exceptions,MISCB7,Tears_of_Bhaal_2
Exceptions,MISCB8,Tears_of_Bhaal_3
Exceptions,MISCB9,Tears_of_Bhaal_4
Exceptions,MISCBA,Tears_of_Bhaal_5
Exceptions,MISCBD,Dog_Bones
Exceptions,MISCBE,Gilded_Rope
Exceptions,MISCBF,Jaellat_Wardstone
Exceptions,MISCBG,Lichs_Tooth
Exceptions,MISCBH,Deirexs_Gem
Exceptions,MISCBI,Magical_Rope
Exceptions,MISCBJ,Qilues_Brain
Exceptions,MISCBK,Illithid_Serum
Exceptions,MISCBL,Aeries_Body
Exceptions,MISCBM,Anomens_Body
Exceptions,MISCBN,Jaheiras_Body
Exceptions,MISCBO,Viconias_Body
Exceptions,MISCBP,Bodhis_Black_Heart
Exceptions,MISCBQ,Tree_of_Life_Nuts_1
Exceptions,MISCBR,Stone_Harp
Exceptions,MISCBS,Stone_Horn
Exceptions,MISCBT,Elven_Priest_Stone
Exceptions,MISCBU,Yoshimos_Heart
Exceptions,MISCBV,Elder_Brain_Blood
Exceptions,MISCBW,Sahuagin_Scribes_Notes
Exceptions,MISCBX,Note_3
Exceptions,MISCBY,Tainted_Dragon_Eggs
Exceptions,MISCBZ,Tizzaks_Journal
Exceptions,MISCCA,Demins_Note
Exceptions,MISCCB,Bronze_Pantalettes
Exceptions,MISCCC,Drow_Note_of_Gate_Sundering
Exceptions,NPMISC1,Jansen_Spectroscopes
Exceptions,NPMISC2,Jansen_TechnoGloves
Exceptions,WA2HARP,Harp_of_Pandemonium
DROW_ITEMS,DWBLUN01,Drow_Flail_PLUS3
DROW_ITEMS,DWBOLT01,Drow_Bolt_of_Sleep
DROW_ITEMS,DWBOLT02,Drow_Bolt_of_Stunning
DROW_ITEMS,DWBOLT03,Drow_Bolt_PLUS1
DROW_ITEMS,DWCHAN01,Drow_Elven_Chain_PLUS3
DROW_ITEMS,DWCHAN02,Drow_Adamantine_Chain_PLUS5
DROW_ITEMS,DWCLCK01,Drow_Piwafwi_Cloak
DROW_ITEMS,DWDUST,Adamantine_Dust
DROW_ITEMS,DWHALB01,Drow_Halberd_PLUS3
DROW_ITEMS,DWPLAT01,Drow_Full_Plate_PLUS5
DROW_ITEMS,DWSHLD01,Drow_Shield_PLUS3
DROW_ITEMS,DWSPER01,Drow_Lance_PLUS3
DROW_ITEMS,DWSW1H01,Drow_Scimitar_PLUS3
DROW_ITEMS,DWSW1H02,Drow_Longsword_PLUS3
DROW_ITEMS,DWXBOW01,Drow_Crossbow_of_Speed
FAMILIARS,FAMCAT,A_familiar_cat
FAMILIARS,FAMCAT25,Upgraded_Cat
FAMILIARS,FAMDUST,A_familiar_dust_mephit
FAMILIARS,FAMDUS25,Upgraded_Dust_Mephit
FAMILIARS,FAMFAIR,A_familiar_fairy_dragon
FAMILIARS,FAMFAI25,Upgraded_fairy_dragon
FAMILIARS,FAMFER,A_familiar_ferret
FAMILIARS,FAMFER25,Upgraded_ferret
FAMILIARS,FAMIMP,A_familiar_imp
FAMILIARS,FAMIMP25,Upgraded_imp
FAMILIARS,FAMPSD,A_familiar_pseudodragon
FAMILIARS,FAMPSD25,Upgraded_pseudodragon
FAMILIARS,FAMQUAS,A_familiar_quasit
FAMILIARS,FAMQUA25,Upgraded_quasit
FAMILIARS,FAMRAB,A_familiar_rabbit
FAMILIARS,FAMRAB25,Upgraded_rabbit
IWD,WAMACE,Jerrods_Mace
IWD,WANINJA,Scarlet_NinjaTo_PLUS3
IWD,WAS2H,Jorils_Dagger_PLUS3
IWD,WASLING,Sling_of_Everard_PLUS5
IWD,WASPEAR,Spear_of_Kuldahar_PLUS3
IWD,WASTAFF,Staff_of_Arundel
IWD,WASTAR,Everards_Morning_Star_PLUS2
IWD,WAWAK,Kachikos_Wakizashi_PLUS3
KEYS,EDWINKEY,MaeVars_Strongbox_Key
KEYS,KEY01,Cult_Key
KEYS,KEY02,Gaals_Key
KEYS,KEY03,Planar_Key
KEYS,KEY04,Sun_Ray_Symbol
KEYS,KEY05,Dawns_Light_Symbol
KEYS,KEY06,Lightstone_Symbol
KEYS,KEY07,Chapel_Key
KEYS,KEY08,Chain_Key
KEYS,KEY09,Firkraag_Prison_Key
KEYS,KEY10,Keep_Key
KEYS,KEY11,Planar_Prison_Cell_Key
KEYS,KEY12,Key_to_Arans_Lair
KEYS,KEY13,Shadow_Thief_Prison_Key
KEYS,KEY14,Piece_of_Burial_Mask
KEYS,KEY15,Piece_of_Burial_Mask_1
KEYS,KEY16,Piece_of_Burial_Mask_2
KEYS,KEY17,Piece_of_Burial_Mask_3
KEYS,KEY18,Piece_of_Burial_Mask_4
KEYS,KEY19,Piece_of_Burial_Mask_5
KEYS,KEY20,Burial_Mask_of_King_Strohm_III
KEYS,KEY21,Samias_Key
KEYS,KEY22,Shadow_Prison_Key
KEYS,KEY23,Symbol_of_Amaunator
KEYS,KEY24,Sahuagin_Treasury_Key
KEYS,KEY25,Despana_Treasury_Key
KEYS,KEY26,Sekolahs_Tooth
KEYS,KEY27,Guildhouse_Key
KEYS,KEY28,Jons_Key
KEYS,KEY29,Sewer_Key
KEYS,SARKEY01,Outer_Jail_Door_Key
KEYS,SARKEY02,Secret_Jail_Door_Key
KEYS,SARKEY03,Sealed_Door_Key_Saradush_Prison
KEYS,SARKEY04,Sewer_Key_Saradush
KEYS,SENKEY01,Drow_Guards_Key
KEYS,SENKEY02,Drow_Wardstone
KEYS,SENKEY03,Sendais_Key
KEYS,AMSOUL01,Mallas_Soul_Stone
KEYS,COMPON05,Roranachs_Horn
KEYS,COMPON17,Circlet_of_Netheril
KEYS,OHNHELM1,Thayan_Circlet
KEYS,MISC4I,Wand_of_Frost_Key
KEYS,MISC4H,Wand_of_Fire_Key
KEYS,MISC4B,Jail_Cell_Key
KEYS,MISC4G,Portal_Key
KEYS,OHRKEY02,Intricate_Key
KEYS,PLOT01O,Key
KEYS,PLOT03E,Portal_Key_1
KEYS,PLOT03K,Key_1
KEYS,PLOT05A,Heart_Key
KEYS,PLOT05B,Mind_Key
KEYS,PLOT05C,Spirit_Key
KEYS,MISC4Z,Beastmaster_Key
KEYS,OHNKEY02,Slave_Pen_Key
KEYS,OHBKEY01,Illithids_Runestone
KEYS,MISCAM,Galvenas_Key
KEYS,MISC5I,Am_sis_Key
KEYS,OHBKEY05,Bransons_Key
KEYS,OHNKEY03,Laboratory_Key
KEYS,MISC4R,Haegans_Key
KEYS,OHRKEY03,Holding_Pen_Key
KEYS,MISC4O,Sewage_Golem_Key
KEYS,MISC4P,Key_to_Frennedans_Room
KEYS,MISC4L,Wand_of_Cloudkill_Key
KEYS,MISC4K,Wand_of_Lightning_Key
KEYS,OHHKEY,Key_of_the_Masters_Crypt
KEYS,OHHONKEY,Key_of_Scholars
KEYS,MISC4M,Wand_of_Missiles_Key
KEYS,MISC4J,Wand_of_Summoning_Key
KEYS,OHBKEY02,Key_to_the_Hunters__Lounge
KEYS,MISC4S,Shadow_Thief_Cellar_Key
KEYS,PLOT17A,Monastery_Gate_Key
KEYS,PLOT17B,Graveyard_Key
KEYS,MISC8M,Trademeet_Tomb_Key
KEYS,OHRKEY01,Temple_Key
KEYS,TTKEY01,Balance_be_served_
KEYS,OHBKEY03,Guard_Captains_Key
COMPONENTS,COMPON01,Liquid_Mercury
COMPONENTS,COMPON02,Eye_of_Tyr
COMPONENTS,COMPON03,Fflars_Scabbard
COMPONENTS,COMPON04,Baalors_Claw
COMPONENTS,COMPON05,Roranachs_Horn
COMPONENTS,COMPON06,Skull_of_the_Lich
COMPONENTS,COMPON07,Hindos_Hand
COMPONENTS,COMPON08,Starfall_Ore
COMPONENTS,COMPON09,Rune_of_Clangeddin
COMPONENTS,COMPON10,Bowstring_of_Gond
COMPONENTS,COMPON11,Montolios_Clasp
COMPONENTS,COMPON12,Horn
COMPONENTS,COMPON13,Horn_1
COMPONENTS,COMPON14,Nymphs_Tear
COMPONENTS,COMPON15,Heart_of_the_Damned
COMPONENTS,COMPON16,Montolios_Cloak_1
COMPONENTS,COMPON17,Circlet_of_Netheril
COMPONENTS,COMPON18,White_Dragon_Scales
COMPONENTS,COMPON19,Blue_Dragon_Scales
